INSERT INTO `albums` (`id`, `titulo`, `anyo_publicacion`, `imagen`, `artistas_id`) VALUES (1, 'Atque nam delectus non magni odit sed.', 1999, 'http://lorempixel.com/640/480/', 1);
INSERT INTO `albums` (`id`, `titulo`, `anyo_publicacion`, `imagen`, `artistas_id`) VALUES (2, 'Omnis alias sit ut dolorem et ut.', 1972, 'http://lorempixel.com/640/480/', 2);
INSERT INTO `albums` (`id`, `titulo`, `anyo_publicacion`, `imagen`, `artistas_id`) VALUES (3, 'Ut odit sint optio provident nihil ut omnis.', 2010, 'http://lorempixel.com/640/480/', 3);
INSERT INTO `albums` (`id`, `titulo`, `anyo_publicacion`, `imagen`, `artistas_id`) VALUES (4, 'Ad repudiandae ea et non reprehenderit deseru', 1978, 'http://lorempixel.com/640/480/', 4);
INSERT INTO `albums` (`id`, `titulo`, `anyo_publicacion`, `imagen`, `artistas_id`) VALUES (5, 'Qui rerum rerum quo provident.', 1988, 'http://lorempixel.com/640/480/', 5);
INSERT INTO `albums` (`id`, `titulo`, `anyo_publicacion`, `imagen`, `artistas_id`) VALUES (6, 'Qui itaque reiciendis adipisci repellendus.', 1970, 'http://lorempixel.com/640/480/', 6);
INSERT INTO `albums` (`id`, `titulo`, `anyo_publicacion`, `imagen`, `artistas_id`) VALUES (7, 'Provident officia quam quod minima et.', 1981, 'http://lorempixel.com/640/480/', 7);
INSERT INTO `albums` (`id`, `titulo`, `anyo_publicacion`, `imagen`, `artistas_id`) VALUES (8, 'Tenetur distinctio facilis asperiores.', 1970, 'http://lorempixel.com/640/480/', 8);
INSERT INTO `albums` (`id`, `titulo`, `anyo_publicacion`, `imagen`, `artistas_id`) VALUES (9, 'In non dolorum repudiandae harum eos commodi ', 2005, 'http://lorempixel.com/640/480/', 9);
INSERT INTO `albums` (`id`, `titulo`, `anyo_publicacion`, `imagen`, `artistas_id`) VALUES (10, 'Ea alias et architecto repellat et maxime.', 2005, 'http://lorempixel.com/640/480/', 10);
INSERT INTO `albums` (`id`, `titulo`, `anyo_publicacion`, `imagen`, `artistas_id`) VALUES (11, 'Et tempore vel nihil ab tempora repellendus a', 1974, 'http://lorempixel.com/640/480/', 11);
INSERT INTO `albums` (`id`, `titulo`, `anyo_publicacion`, `imagen`, `artistas_id`) VALUES (12, 'Autem ex nisi blanditiis suscipit nemo aspern', 2008, 'http://lorempixel.com/640/480/', 12);
INSERT INTO `albums` (`id`, `titulo`, `anyo_publicacion`, `imagen`, `artistas_id`) VALUES (13, 'Magnam vitae voluptatum molestiae optio quam ', 1996, 'http://lorempixel.com/640/480/', 13);
INSERT INTO `albums` (`id`, `titulo`, `anyo_publicacion`, `imagen`, `artistas_id`) VALUES (14, 'Odit doloremque aliquid dolorem id unde volup', 2000, 'http://lorempixel.com/640/480/', 14);
INSERT INTO `albums` (`id`, `titulo`, `anyo_publicacion`, `imagen`, `artistas_id`) VALUES (15, 'Porro eius ut non odit nihil qui quia.', 1985, 'http://lorempixel.com/640/480/', 15);
INSERT INTO `albums` (`id`, `titulo`, `anyo_publicacion`, `imagen`, `artistas_id`) VALUES (16, 'Placeat corporis possimus maxime eum nostrum ', 2012, 'http://lorempixel.com/640/480/', 16);
INSERT INTO `albums` (`id`, `titulo`, `anyo_publicacion`, `imagen`, `artistas_id`) VALUES (17, 'Molestias et et ducimus culpa neque nobis.', 1994, 'http://lorempixel.com/640/480/', 17);
INSERT INTO `albums` (`id`, `titulo`, `anyo_publicacion`, `imagen`, `artistas_id`) VALUES (18, 'Labore accusantium quo doloremque alias.', 2000, 'http://lorempixel.com/640/480/', 18);
INSERT INTO `albums` (`id`, `titulo`, `anyo_publicacion`, `imagen`, `artistas_id`) VALUES (19, 'Et et id omnis iusto omnis deserunt.', 2001, 'http://lorempixel.com/640/480/', 19);
INSERT INTO `albums` (`id`, `titulo`, `anyo_publicacion`, `imagen`, `artistas_id`) VALUES (20, 'Sunt amet natus totam porro ad.', 2002, 'http://lorempixel.com/640/480/', 20);
INSERT INTO `albums` (`id`, `titulo`, `anyo_publicacion`, `imagen`, `artistas_id`) VALUES (21, 'Harum libero dolores voluptas aut.', 1970, 'http://lorempixel.com/640/480/', 21);
INSERT INTO `albums` (`id`, `titulo`, `anyo_publicacion`, `imagen`, `artistas_id`) VALUES (22, 'Officiis hic in velit quos qui numquam volupt', 1970, 'http://lorempixel.com/640/480/', 22);
INSERT INTO `albums` (`id`, `titulo`, `anyo_publicacion`, `imagen`, `artistas_id`) VALUES (23, 'Eaque natus nisi hic qui.', 1999, 'http://lorempixel.com/640/480/', 23);
INSERT INTO `albums` (`id`, `titulo`, `anyo_publicacion`, `imagen`, `artistas_id`) VALUES (24, 'Consequuntur odio dolor qui dolorem.', 1980, 'http://lorempixel.com/640/480/', 24);
INSERT INTO `albums` (`id`, `titulo`, `anyo_publicacion`, `imagen`, `artistas_id`) VALUES (25, 'Omnis sed voluptatum beatae porro qui.', 1997, 'http://lorempixel.com/640/480/', 25);
INSERT INTO `albums` (`id`, `titulo`, `anyo_publicacion`, `imagen`, `artistas_id`) VALUES (26, 'Consequatur ab omnis ea facere et.', 1994, 'http://lorempixel.com/640/480/', 26);
INSERT INTO `albums` (`id`, `titulo`, `anyo_publicacion`, `imagen`, `artistas_id`) VALUES (27, 'Quia reprehenderit sed ipsa accusamus et.', 2011, 'http://lorempixel.com/640/480/', 27);
INSERT INTO `albums` (`id`, `titulo`, `anyo_publicacion`, `imagen`, `artistas_id`) VALUES (28, 'A sed molestiae incidunt mollitia consequatur', 2019, 'http://lorempixel.com/640/480/', 28);
INSERT INTO `albums` (`id`, `titulo`, `anyo_publicacion`, `imagen`, `artistas_id`) VALUES (29, 'Necessitatibus consequatur autem eos labore e', 1983, 'http://lorempixel.com/640/480/', 29);
INSERT INTO `albums` (`id`, `titulo`, `anyo_publicacion`, `imagen`, `artistas_id`) VALUES (30, 'Iure tempora hic repellat totam.', 2014, 'http://lorempixel.com/640/480/', 30);
INSERT INTO `albums` (`id`, `titulo`, `anyo_publicacion`, `imagen`, `artistas_id`) VALUES (31, 'In labore qui minima sequi eligendi.', 2004, 'http://lorempixel.com/640/480/', 31);
INSERT INTO `albums` (`id`, `titulo`, `anyo_publicacion`, `imagen`, `artistas_id`) VALUES (32, 'Itaque adipisci eos et.', 1987, 'http://lorempixel.com/640/480/', 32);
INSERT INTO `albums` (`id`, `titulo`, `anyo_publicacion`, `imagen`, `artistas_id`) VALUES (33, 'Molestiae sunt natus est.', 2004, 'http://lorempixel.com/640/480/', 33);
INSERT INTO `albums` (`id`, `titulo`, `anyo_publicacion`, `imagen`, `artistas_id`) VALUES (34, 'Rerum voluptas repellendus ex fuga.', 1994, 'http://lorempixel.com/640/480/', 34);
INSERT INTO `albums` (`id`, `titulo`, `anyo_publicacion`, `imagen`, `artistas_id`) VALUES (35, 'Autem voluptatem saepe sit laborum laboriosam', 2005, 'http://lorempixel.com/640/480/', 35);
INSERT INTO `albums` (`id`, `titulo`, `anyo_publicacion`, `imagen`, `artistas_id`) VALUES (36, 'Aspernatur laborum corporis quidem quia solut', 1992, 'http://lorempixel.com/640/480/', 36);
INSERT INTO `albums` (`id`, `titulo`, `anyo_publicacion`, `imagen`, `artistas_id`) VALUES (37, 'Eum architecto earum doloribus veritatis quia', 1996, 'http://lorempixel.com/640/480/', 37);
INSERT INTO `albums` (`id`, `titulo`, `anyo_publicacion`, `imagen`, `artistas_id`) VALUES (38, 'Voluptate molestias excepturi earum laudantiu', 1979, 'http://lorempixel.com/640/480/', 38);
INSERT INTO `albums` (`id`, `titulo`, `anyo_publicacion`, `imagen`, `artistas_id`) VALUES (39, 'Distinctio consequuntur doloremque libero ips', 1971, 'http://lorempixel.com/640/480/', 39);
INSERT INTO `albums` (`id`, `titulo`, `anyo_publicacion`, `imagen`, `artistas_id`) VALUES (40, 'Et velit autem ipsum.', 1990, 'http://lorempixel.com/640/480/', 40);
INSERT INTO `albums` (`id`, `titulo`, `anyo_publicacion`, `imagen`, `artistas_id`) VALUES (41, 'Debitis nihil a ipsa et aut.', 2010, 'http://lorempixel.com/640/480/', 41);
INSERT INTO `albums` (`id`, `titulo`, `anyo_publicacion`, `imagen`, `artistas_id`) VALUES (42, 'Similique exercitationem voluptatum quia.', 2001, 'http://lorempixel.com/640/480/', 42);
INSERT INTO `albums` (`id`, `titulo`, `anyo_publicacion`, `imagen`, `artistas_id`) VALUES (43, 'Qui dolore laborum omnis.', 2013, 'http://lorempixel.com/640/480/', 43);
INSERT INTO `albums` (`id`, `titulo`, `anyo_publicacion`, `imagen`, `artistas_id`) VALUES (44, 'Ut consequatur saepe occaecati non error quis', 1988, 'http://lorempixel.com/640/480/', 44);
INSERT INTO `albums` (`id`, `titulo`, `anyo_publicacion`, `imagen`, `artistas_id`) VALUES (45, 'A quaerat facere alias.', 2008, 'http://lorempixel.com/640/480/', 45);
INSERT INTO `albums` (`id`, `titulo`, `anyo_publicacion`, `imagen`, `artistas_id`) VALUES (46, 'Natus excepturi quo nisi quis aperiam delectu', 2000, 'http://lorempixel.com/640/480/', 46);
INSERT INTO `albums` (`id`, `titulo`, `anyo_publicacion`, `imagen`, `artistas_id`) VALUES (47, 'Explicabo fuga soluta praesentium sint nulla ', 2018, 'http://lorempixel.com/640/480/', 47);
INSERT INTO `albums` (`id`, `titulo`, `anyo_publicacion`, `imagen`, `artistas_id`) VALUES (48, 'Vero dolorem nemo fuga adipisci.', 2009, 'http://lorempixel.com/640/480/', 48);
INSERT INTO `albums` (`id`, `titulo`, `anyo_publicacion`, `imagen`, `artistas_id`) VALUES (49, 'Quaerat tenetur voluptatem voluptas.', 2018, 'http://lorempixel.com/640/480/', 49);
INSERT INTO `albums` (`id`, `titulo`, `anyo_publicacion`, `imagen`, `artistas_id`) VALUES (50, 'Sed repellendus porro ipsum voluptatibus volu', 1995, 'http://lorempixel.com/640/480/', 50);
INSERT INTO `albums` (`id`, `titulo`, `anyo_publicacion`, `imagen`, `artistas_id`) VALUES (51, 'Eius quis excepturi necessitatibus rerum et d', 2016, 'http://lorempixel.com/640/480/', 51);
INSERT INTO `albums` (`id`, `titulo`, `anyo_publicacion`, `imagen`, `artistas_id`) VALUES (52, 'Possimus maiores amet et possimus.', 1999, 'http://lorempixel.com/640/480/', 52);
INSERT INTO `albums` (`id`, `titulo`, `anyo_publicacion`, `imagen`, `artistas_id`) VALUES (53, 'Minima sequi dolor voluptatibus laboriosam de', 2007, 'http://lorempixel.com/640/480/', 53);
INSERT INTO `albums` (`id`, `titulo`, `anyo_publicacion`, `imagen`, `artistas_id`) VALUES (54, 'Delectus fugit eum est ullam.', 2022, 'http://lorempixel.com/640/480/', 54);
INSERT INTO `albums` (`id`, `titulo`, `anyo_publicacion`, `imagen`, `artistas_id`) VALUES (55, 'Odio doloribus aspernatur debitis magnam.', 2014, 'http://lorempixel.com/640/480/', 55);
INSERT INTO `albums` (`id`, `titulo`, `anyo_publicacion`, `imagen`, `artistas_id`) VALUES (56, 'Dolor eius vero omnis qui cupiditate iste.', 1972, 'http://lorempixel.com/640/480/', 56);
INSERT INTO `albums` (`id`, `titulo`, `anyo_publicacion`, `imagen`, `artistas_id`) VALUES (57, 'Aliquid sint impedit ut autem aut.', 1996, 'http://lorempixel.com/640/480/', 57);
INSERT INTO `albums` (`id`, `titulo`, `anyo_publicacion`, `imagen`, `artistas_id`) VALUES (58, 'Et aut commodi et.', 2012, 'http://lorempixel.com/640/480/', 58);
INSERT INTO `albums` (`id`, `titulo`, `anyo_publicacion`, `imagen`, `artistas_id`) VALUES (59, 'Vel enim quas necessitatibus eveniet impedit ', 1998, 'http://lorempixel.com/640/480/', 59);
INSERT INTO `albums` (`id`, `titulo`, `anyo_publicacion`, `imagen`, `artistas_id`) VALUES (60, 'Enim aut praesentium et molestiae architecto ', 2017, 'http://lorempixel.com/640/480/', 60);
INSERT INTO `albums` (`id`, `titulo`, `anyo_publicacion`, `imagen`, `artistas_id`) VALUES (61, 'Et ut libero reprehenderit.', 1992, 'http://lorempixel.com/640/480/', 61);
INSERT INTO `albums` (`id`, `titulo`, `anyo_publicacion`, `imagen`, `artistas_id`) VALUES (62, 'Labore dolores nulla mollitia sint eligendi p', 1971, 'http://lorempixel.com/640/480/', 62);
INSERT INTO `albums` (`id`, `titulo`, `anyo_publicacion`, `imagen`, `artistas_id`) VALUES (63, 'Vel aliquid perferendis similique assumenda d', 1984, 'http://lorempixel.com/640/480/', 63);
INSERT INTO `albums` (`id`, `titulo`, `anyo_publicacion`, `imagen`, `artistas_id`) VALUES (64, 'Quod eos iusto ut nulla.', 1993, 'http://lorempixel.com/640/480/', 64);
INSERT INTO `albums` (`id`, `titulo`, `anyo_publicacion`, `imagen`, `artistas_id`) VALUES (65, 'Iste id suscipit quod eum quis.', 1990, 'http://lorempixel.com/640/480/', 65);
INSERT INTO `albums` (`id`, `titulo`, `anyo_publicacion`, `imagen`, `artistas_id`) VALUES (66, 'Doloribus dolores tenetur aut velit natus.', 2009, 'http://lorempixel.com/640/480/', 66);
INSERT INTO `albums` (`id`, `titulo`, `anyo_publicacion`, `imagen`, `artistas_id`) VALUES (67, 'Sunt velit earum voluptas laboriosam similiqu', 1998, 'http://lorempixel.com/640/480/', 67);
INSERT INTO `albums` (`id`, `titulo`, `anyo_publicacion`, `imagen`, `artistas_id`) VALUES (68, 'At vitae maiores soluta quam.', 1975, 'http://lorempixel.com/640/480/', 68);
INSERT INTO `albums` (`id`, `titulo`, `anyo_publicacion`, `imagen`, `artistas_id`) VALUES (69, 'Velit harum eum qui expedita autem quia odio ', 2002, 'http://lorempixel.com/640/480/', 69);
INSERT INTO `albums` (`id`, `titulo`, `anyo_publicacion`, `imagen`, `artistas_id`) VALUES (70, 'Voluptates beatae sed incidunt ut eum.', 2019, 'http://lorempixel.com/640/480/', 70);
INSERT INTO `albums` (`id`, `titulo`, `anyo_publicacion`, `imagen`, `artistas_id`) VALUES (71, 'Perferendis non doloribus officiis et illo qu', 1999, 'http://lorempixel.com/640/480/', 71);
INSERT INTO `albums` (`id`, `titulo`, `anyo_publicacion`, `imagen`, `artistas_id`) VALUES (72, 'Architecto quis assumenda corrupti veritatis ', 2016, 'http://lorempixel.com/640/480/', 72);
INSERT INTO `albums` (`id`, `titulo`, `anyo_publicacion`, `imagen`, `artistas_id`) VALUES (73, 'Harum maxime et voluptate ex quisquam sit quo', 2017, 'http://lorempixel.com/640/480/', 73);
INSERT INTO `albums` (`id`, `titulo`, `anyo_publicacion`, `imagen`, `artistas_id`) VALUES (74, 'Cupiditate exercitationem neque dolor.', 1979, 'http://lorempixel.com/640/480/', 74);
INSERT INTO `albums` (`id`, `titulo`, `anyo_publicacion`, `imagen`, `artistas_id`) VALUES (75, 'Quam blanditiis et recusandae excepturi qui s', 2020, 'http://lorempixel.com/640/480/', 75);
INSERT INTO `albums` (`id`, `titulo`, `anyo_publicacion`, `imagen`, `artistas_id`) VALUES (76, 'Voluptatum quis ut in molestiae autem distinc', 2016, 'http://lorempixel.com/640/480/', 76);
INSERT INTO `albums` (`id`, `titulo`, `anyo_publicacion`, `imagen`, `artistas_id`) VALUES (77, 'Molestiae quidem ut at nihil debitis repellat', 2008, 'http://lorempixel.com/640/480/', 77);
INSERT INTO `albums` (`id`, `titulo`, `anyo_publicacion`, `imagen`, `artistas_id`) VALUES (78, 'Ipsa aut omnis sapiente aliquam nemo fugiat.', 1994, 'http://lorempixel.com/640/480/', 78);
INSERT INTO `albums` (`id`, `titulo`, `anyo_publicacion`, `imagen`, `artistas_id`) VALUES (79, 'Delectus repellendus quidem voluptatum tempor', 2009, 'http://lorempixel.com/640/480/', 79);
INSERT INTO `albums` (`id`, `titulo`, `anyo_publicacion`, `imagen`, `artistas_id`) VALUES (80, 'Recusandae ducimus ullam optio.', 2006, 'http://lorempixel.com/640/480/', 80);
INSERT INTO `albums` (`id`, `titulo`, `anyo_publicacion`, `imagen`, `artistas_id`) VALUES (81, 'Quos repellendus dolores tenetur minima alias', 2002, 'http://lorempixel.com/640/480/', 81);
INSERT INTO `albums` (`id`, `titulo`, `anyo_publicacion`, `imagen`, `artistas_id`) VALUES (82, 'Accusantium et enim debitis aliquid.', 1988, 'http://lorempixel.com/640/480/', 82);
INSERT INTO `albums` (`id`, `titulo`, `anyo_publicacion`, `imagen`, `artistas_id`) VALUES (83, 'Dolor occaecati sit officia autem sed.', 2000, 'http://lorempixel.com/640/480/', 83);
INSERT INTO `albums` (`id`, `titulo`, `anyo_publicacion`, `imagen`, `artistas_id`) VALUES (84, 'Molestiae temporibus pariatur voluptatem earu', 1972, 'http://lorempixel.com/640/480/', 84);
INSERT INTO `albums` (`id`, `titulo`, `anyo_publicacion`, `imagen`, `artistas_id`) VALUES (85, 'Numquam perferendis aut maxime eaque quasi.', 1980, 'http://lorempixel.com/640/480/', 85);
INSERT INTO `albums` (`id`, `titulo`, `anyo_publicacion`, `imagen`, `artistas_id`) VALUES (86, 'Quis non tenetur ab harum quia quod nisi.', 1973, 'http://lorempixel.com/640/480/', 86);
INSERT INTO `albums` (`id`, `titulo`, `anyo_publicacion`, `imagen`, `artistas_id`) VALUES (87, 'Nostrum maiores blanditiis consequuntur labor', 2014, 'http://lorempixel.com/640/480/', 87);
INSERT INTO `albums` (`id`, `titulo`, `anyo_publicacion`, `imagen`, `artistas_id`) VALUES (88, 'Non voluptatem laborum dolores ut id quod in.', 1995, 'http://lorempixel.com/640/480/', 88);
INSERT INTO `albums` (`id`, `titulo`, `anyo_publicacion`, `imagen`, `artistas_id`) VALUES (89, 'Dolorum sed numquam earum.', 1987, 'http://lorempixel.com/640/480/', 89);
INSERT INTO `albums` (`id`, `titulo`, `anyo_publicacion`, `imagen`, `artistas_id`) VALUES (90, 'Nihil sed nostrum minus assumenda dolores ill', 2010, 'http://lorempixel.com/640/480/', 90);
INSERT INTO `albums` (`id`, `titulo`, `anyo_publicacion`, `imagen`, `artistas_id`) VALUES (91, 'Debitis incidunt temporibus ex doloribus.', 2005, 'http://lorempixel.com/640/480/', 91);
INSERT INTO `albums` (`id`, `titulo`, `anyo_publicacion`, `imagen`, `artistas_id`) VALUES (92, 'Consequatur dicta sapiente molestiae laborum ', 2016, 'http://lorempixel.com/640/480/', 92);
INSERT INTO `albums` (`id`, `titulo`, `anyo_publicacion`, `imagen`, `artistas_id`) VALUES (93, 'Consequatur quo voluptatum nulla architecto e', 2010, 'http://lorempixel.com/640/480/', 93);
INSERT INTO `albums` (`id`, `titulo`, `anyo_publicacion`, `imagen`, `artistas_id`) VALUES (94, 'Et incidunt rerum modi expedita commodi.', 1980, 'http://lorempixel.com/640/480/', 94);
INSERT INTO `albums` (`id`, `titulo`, `anyo_publicacion`, `imagen`, `artistas_id`) VALUES (95, 'Autem dolorem quia doloribus praesentium aute', 1986, 'http://lorempixel.com/640/480/', 95);
INSERT INTO `albums` (`id`, `titulo`, `anyo_publicacion`, `imagen`, `artistas_id`) VALUES (96, 'Et sequi exercitationem enim nisi quam tempor', 2013, 'http://lorempixel.com/640/480/', 96);
INSERT INTO `albums` (`id`, `titulo`, `anyo_publicacion`, `imagen`, `artistas_id`) VALUES (97, 'Veniam et magni amet qui nostrum harum tenetu', 2002, 'http://lorempixel.com/640/480/', 97);
INSERT INTO `albums` (`id`, `titulo`, `anyo_publicacion`, `imagen`, `artistas_id`) VALUES (98, 'Odio quaerat nisi impedit quis.', 2003, 'http://lorempixel.com/640/480/', 98);
INSERT INTO `albums` (`id`, `titulo`, `anyo_publicacion`, `imagen`, `artistas_id`) VALUES (99, 'Dolor quis exercitationem autem inventore.', 1999, 'http://lorempixel.com/640/480/', 99);
INSERT INTO `albums` (`id`, `titulo`, `anyo_publicacion`, `imagen`, `artistas_id`) VALUES (100, 'Aut qui quibusdam fugiat praesentium.', 2000, 'http://lorempixel.com/640/480/', 100);

INSERT INTO `artistas` (`id`, `nombre`, `imagen`) VALUES (1, 'Albertha Lueilwitz', 'http://lorempixel.com/640/480/');
INSERT INTO `artistas` (`id`, `nombre`, `imagen`) VALUES (2, 'Chester Feeney', 'http://lorempixel.com/640/480/');
INSERT INTO `artistas` (`id`, `nombre`, `imagen`) VALUES (3, 'Prof. Hertha Fahey PhD', 'http://lorempixel.com/640/480/');
INSERT INTO `artistas` (`id`, `nombre`, `imagen`) VALUES (4, 'Tomasa Ryan', 'http://lorempixel.com/640/480/');
INSERT INTO `artistas` (`id`, `nombre`, `imagen`) VALUES (5, 'Garry Brakus', 'http://lorempixel.com/640/480/');
INSERT INTO `artistas` (`id`, `nombre`, `imagen`) VALUES (6, 'Mr. Terry Kulas', 'http://lorempixel.com/640/480/');
INSERT INTO `artistas` (`id`, `nombre`, `imagen`) VALUES (7, 'Prof. Demetrius Steuber II', 'http://lorempixel.com/640/480/');
INSERT INTO `artistas` (`id`, `nombre`, `imagen`) VALUES (8, 'Gussie D''Amore', 'http://lorempixel.com/640/480/');
INSERT INTO `artistas` (`id`, `nombre`, `imagen`) VALUES (9, 'Domenic Rempel', 'http://lorempixel.com/640/480/');
INSERT INTO `artistas` (`id`, `nombre`, `imagen`) VALUES (10, 'Araceli Hagenes', 'http://lorempixel.com/640/480/');
INSERT INTO `artistas` (`id`, `nombre`, `imagen`) VALUES (11, 'Nolan Osinski', 'http://lorempixel.com/640/480/');
INSERT INTO `artistas` (`id`, `nombre`, `imagen`) VALUES (12, 'Moises Wiegand', 'http://lorempixel.com/640/480/');
INSERT INTO `artistas` (`id`, `nombre`, `imagen`) VALUES (13, 'Dr. Ruthe Hegmann III', 'http://lorempixel.com/640/480/');
INSERT INTO `artistas` (`id`, `nombre`, `imagen`) VALUES (14, 'Miss Kayla Kautzer', 'http://lorempixel.com/640/480/');
INSERT INTO `artistas` (`id`, `nombre`, `imagen`) VALUES (15, 'Osvaldo Nader', 'http://lorempixel.com/640/480/');
INSERT INTO `artistas` (`id`, `nombre`, `imagen`) VALUES (16, 'Dr. Ryder Wisozk', 'http://lorempixel.com/640/480/');
INSERT INTO `artistas` (`id`, `nombre`, `imagen`) VALUES (17, 'Raegan Bogan', 'http://lorempixel.com/640/480/');
INSERT INTO `artistas` (`id`, `nombre`, `imagen`) VALUES (18, 'Miss Iva Turner PhD', 'http://lorempixel.com/640/480/');
INSERT INTO `artistas` (`id`, `nombre`, `imagen`) VALUES (19, 'Dr. Lenore Little', 'http://lorempixel.com/640/480/');
INSERT INTO `artistas` (`id`, `nombre`, `imagen`) VALUES (20, 'Prof. Kadin Lockman', 'http://lorempixel.com/640/480/');
INSERT INTO `artistas` (`id`, `nombre`, `imagen`) VALUES (21, 'Prof. Dianna Bahringer', 'http://lorempixel.com/640/480/');
INSERT INTO `artistas` (`id`, `nombre`, `imagen`) VALUES (22, 'Ms. Kaelyn Schumm MD', 'http://lorempixel.com/640/480/');
INSERT INTO `artistas` (`id`, `nombre`, `imagen`) VALUES (23, 'Scotty Hessel', 'http://lorempixel.com/640/480/');
INSERT INTO `artistas` (`id`, `nombre`, `imagen`) VALUES (24, 'Ignatius Schiller', 'http://lorempixel.com/640/480/');
INSERT INTO `artistas` (`id`, `nombre`, `imagen`) VALUES (25, 'Vicky Lesch DDS', 'http://lorempixel.com/640/480/');
INSERT INTO `artistas` (`id`, `nombre`, `imagen`) VALUES (26, 'Merle Satterfield', 'http://lorempixel.com/640/480/');
INSERT INTO `artistas` (`id`, `nombre`, `imagen`) VALUES (27, 'Mae Schimmel', 'http://lorempixel.com/640/480/');
INSERT INTO `artistas` (`id`, `nombre`, `imagen`) VALUES (28, 'Tess Heaney', 'http://lorempixel.com/640/480/');
INSERT INTO `artistas` (`id`, `nombre`, `imagen`) VALUES (29, 'Helen Boyer', 'http://lorempixel.com/640/480/');
INSERT INTO `artistas` (`id`, `nombre`, `imagen`) VALUES (30, 'Chance Wehner Jr.', 'http://lorempixel.com/640/480/');
INSERT INTO `artistas` (`id`, `nombre`, `imagen`) VALUES (31, 'Cleta Tremblay', 'http://lorempixel.com/640/480/');
INSERT INTO `artistas` (`id`, `nombre`, `imagen`) VALUES (32, 'Joseph Kemmer', 'http://lorempixel.com/640/480/');
INSERT INTO `artistas` (`id`, `nombre`, `imagen`) VALUES (33, 'Kiley Effertz', 'http://lorempixel.com/640/480/');
INSERT INTO `artistas` (`id`, `nombre`, `imagen`) VALUES (34, 'Mrs. Alysson Skiles', 'http://lorempixel.com/640/480/');
INSERT INTO `artistas` (`id`, `nombre`, `imagen`) VALUES (35, 'Jameson Rowe', 'http://lorempixel.com/640/480/');
INSERT INTO `artistas` (`id`, `nombre`, `imagen`) VALUES (36, 'Claire Larson', 'http://lorempixel.com/640/480/');
INSERT INTO `artistas` (`id`, `nombre`, `imagen`) VALUES (37, 'Mrs. Beth Jacobi', 'http://lorempixel.com/640/480/');
INSERT INTO `artistas` (`id`, `nombre`, `imagen`) VALUES (38, 'Cleve Jones MD', 'http://lorempixel.com/640/480/');
INSERT INTO `artistas` (`id`, `nombre`, `imagen`) VALUES (39, 'Dante Mann', 'http://lorempixel.com/640/480/');
INSERT INTO `artistas` (`id`, `nombre`, `imagen`) VALUES (40, 'Roderick Purdy', 'http://lorempixel.com/640/480/');
INSERT INTO `artistas` (`id`, `nombre`, `imagen`) VALUES (41, 'Arnaldo Ferry', 'http://lorempixel.com/640/480/');
INSERT INTO `artistas` (`id`, `nombre`, `imagen`) VALUES (42, 'Marianna Conroy I', 'http://lorempixel.com/640/480/');
INSERT INTO `artistas` (`id`, `nombre`, `imagen`) VALUES (43, 'Patrick Becker MD', 'http://lorempixel.com/640/480/');
INSERT INTO `artistas` (`id`, `nombre`, `imagen`) VALUES (44, 'Edyth Dietrich Sr.', 'http://lorempixel.com/640/480/');
INSERT INTO `artistas` (`id`, `nombre`, `imagen`) VALUES (45, 'Kamryn Skiles', 'http://lorempixel.com/640/480/');
INSERT INTO `artistas` (`id`, `nombre`, `imagen`) VALUES (46, 'Giovanna Oberbrunner', 'http://lorempixel.com/640/480/');
INSERT INTO `artistas` (`id`, `nombre`, `imagen`) VALUES (47, 'Bailey Price', 'http://lorempixel.com/640/480/');
INSERT INTO `artistas` (`id`, `nombre`, `imagen`) VALUES (48, 'Miss Myra Ortiz PhD', 'http://lorempixel.com/640/480/');
INSERT INTO `artistas` (`id`, `nombre`, `imagen`) VALUES (49, 'Rodrigo Weber', 'http://lorempixel.com/640/480/');
INSERT INTO `artistas` (`id`, `nombre`, `imagen`) VALUES (50, 'Miss Ivory Krajcik', 'http://lorempixel.com/640/480/');
INSERT INTO `artistas` (`id`, `nombre`, `imagen`) VALUES (51, 'Jason McDermott', 'http://lorempixel.com/640/480/');
INSERT INTO `artistas` (`id`, `nombre`, `imagen`) VALUES (52, 'Miss Angelina Koch', 'http://lorempixel.com/640/480/');
INSERT INTO `artistas` (`id`, `nombre`, `imagen`) VALUES (53, 'Kaitlyn Kub', 'http://lorempixel.com/640/480/');
INSERT INTO `artistas` (`id`, `nombre`, `imagen`) VALUES (54, 'Ms. Martina Huel DDS', 'http://lorempixel.com/640/480/');
INSERT INTO `artistas` (`id`, `nombre`, `imagen`) VALUES (55, 'Gardner Weissnat', 'http://lorempixel.com/640/480/');
INSERT INTO `artistas` (`id`, `nombre`, `imagen`) VALUES (56, 'Margie Bogisich', 'http://lorempixel.com/640/480/');
INSERT INTO `artistas` (`id`, `nombre`, `imagen`) VALUES (57, 'Nyah Grady II', 'http://lorempixel.com/640/480/');
INSERT INTO `artistas` (`id`, `nombre`, `imagen`) VALUES (58, 'Lyda Lockman', 'http://lorempixel.com/640/480/');
INSERT INTO `artistas` (`id`, `nombre`, `imagen`) VALUES (59, 'Jared Langosh', 'http://lorempixel.com/640/480/');
INSERT INTO `artistas` (`id`, `nombre`, `imagen`) VALUES (60, 'Lincoln Ankunding', 'http://lorempixel.com/640/480/');
INSERT INTO `artistas` (`id`, `nombre`, `imagen`) VALUES (61, 'Jayne Cummings', 'http://lorempixel.com/640/480/');
INSERT INTO `artistas` (`id`, `nombre`, `imagen`) VALUES (62, 'Ofelia Greenholt', 'http://lorempixel.com/640/480/');
INSERT INTO `artistas` (`id`, `nombre`, `imagen`) VALUES (63, 'Mia Bins', 'http://lorempixel.com/640/480/');
INSERT INTO `artistas` (`id`, `nombre`, `imagen`) VALUES (64, 'Dr. Moses Runolfsson III', 'http://lorempixel.com/640/480/');
INSERT INTO `artistas` (`id`, `nombre`, `imagen`) VALUES (65, 'Cathryn Osinski', 'http://lorempixel.com/640/480/');
INSERT INTO `artistas` (`id`, `nombre`, `imagen`) VALUES (66, 'Dr. Ana Rodriguez I', 'http://lorempixel.com/640/480/');
INSERT INTO `artistas` (`id`, `nombre`, `imagen`) VALUES (67, 'Alta Lehner', 'http://lorempixel.com/640/480/');
INSERT INTO `artistas` (`id`, `nombre`, `imagen`) VALUES (68, 'Ms. Alda Dickens II', 'http://lorempixel.com/640/480/');
INSERT INTO `artistas` (`id`, `nombre`, `imagen`) VALUES (69, 'Mr. Bernhard Kassulke III', 'http://lorempixel.com/640/480/');
INSERT INTO `artistas` (`id`, `nombre`, `imagen`) VALUES (70, 'Nikolas Daugherty III', 'http://lorempixel.com/640/480/');
INSERT INTO `artistas` (`id`, `nombre`, `imagen`) VALUES (71, 'Dr. Rodrigo Swaniawski II', 'http://lorempixel.com/640/480/');
INSERT INTO `artistas` (`id`, `nombre`, `imagen`) VALUES (72, 'Brain Hilpert', 'http://lorempixel.com/640/480/');
INSERT INTO `artistas` (`id`, `nombre`, `imagen`) VALUES (73, 'Isobel Stiedemann', 'http://lorempixel.com/640/480/');
INSERT INTO `artistas` (`id`, `nombre`, `imagen`) VALUES (74, 'Mrs. Margot Dibbert Jr.', 'http://lorempixel.com/640/480/');
INSERT INTO `artistas` (`id`, `nombre`, `imagen`) VALUES (75, 'Meta Zieme', 'http://lorempixel.com/640/480/');
INSERT INTO `artistas` (`id`, `nombre`, `imagen`) VALUES (76, 'Emerson Hoeger', 'http://lorempixel.com/640/480/');
INSERT INTO `artistas` (`id`, `nombre`, `imagen`) VALUES (77, 'Joanny Corkery', 'http://lorempixel.com/640/480/');
INSERT INTO `artistas` (`id`, `nombre`, `imagen`) VALUES (78, 'Chris Volkman', 'http://lorempixel.com/640/480/');
INSERT INTO `artistas` (`id`, `nombre`, `imagen`) VALUES (79, 'Antonina Raynor', 'http://lorempixel.com/640/480/');
INSERT INTO `artistas` (`id`, `nombre`, `imagen`) VALUES (80, 'Mrs. Nedra Quigley', 'http://lorempixel.com/640/480/');
INSERT INTO `artistas` (`id`, `nombre`, `imagen`) VALUES (81, 'Evelyn Emard', 'http://lorempixel.com/640/480/');
INSERT INTO `artistas` (`id`, `nombre`, `imagen`) VALUES (82, 'Eleanora Bruen', 'http://lorempixel.com/640/480/');
INSERT INTO `artistas` (`id`, `nombre`, `imagen`) VALUES (83, 'Corine Willms', 'http://lorempixel.com/640/480/');
INSERT INTO `artistas` (`id`, `nombre`, `imagen`) VALUES (84, 'Althea Beer', 'http://lorempixel.com/640/480/');
INSERT INTO `artistas` (`id`, `nombre`, `imagen`) VALUES (85, 'Dr. Neva Shields V', 'http://lorempixel.com/640/480/');
INSERT INTO `artistas` (`id`, `nombre`, `imagen`) VALUES (86, 'Alfreda Funk', 'http://lorempixel.com/640/480/');
INSERT INTO `artistas` (`id`, `nombre`, `imagen`) VALUES (87, 'Dusty Douglas', 'http://lorempixel.com/640/480/');
INSERT INTO `artistas` (`id`, `nombre`, `imagen`) VALUES (88, 'Miss Desiree Nicolas MD', 'http://lorempixel.com/640/480/');
INSERT INTO `artistas` (`id`, `nombre`, `imagen`) VALUES (89, 'Nyah Schultz', 'http://lorempixel.com/640/480/');
INSERT INTO `artistas` (`id`, `nombre`, `imagen`) VALUES (90, 'Darrell Johns', 'http://lorempixel.com/640/480/');
INSERT INTO `artistas` (`id`, `nombre`, `imagen`) VALUES (91, 'Ms. Sydnee Hickle', 'http://lorempixel.com/640/480/');
INSERT INTO `artistas` (`id`, `nombre`, `imagen`) VALUES (92, 'Kamille Howell', 'http://lorempixel.com/640/480/');
INSERT INTO `artistas` (`id`, `nombre`, `imagen`) VALUES (93, 'Lilliana Schaefer Jr.', 'http://lorempixel.com/640/480/');
INSERT INTO `artistas` (`id`, `nombre`, `imagen`) VALUES (94, 'Hans Bosco PhD', 'http://lorempixel.com/640/480/');
INSERT INTO `artistas` (`id`, `nombre`, `imagen`) VALUES (95, 'Kamille Emard', 'http://lorempixel.com/640/480/');
INSERT INTO `artistas` (`id`, `nombre`, `imagen`) VALUES (96, 'Neha Ernser', 'http://lorempixel.com/640/480/');
INSERT INTO `artistas` (`id`, `nombre`, `imagen`) VALUES (97, 'Colton Olson', 'http://lorempixel.com/640/480/');
INSERT INTO `artistas` (`id`, `nombre`, `imagen`) VALUES (98, 'Miss Karine Fahey', 'http://lorempixel.com/640/480/');
INSERT INTO `artistas` (`id`, `nombre`, `imagen`) VALUES (99, 'Sean Weimann', 'http://lorempixel.com/640/480/');
INSERT INTO `artistas` (`id`, `nombre`, `imagen`) VALUES (100, 'Mrs. Roxanne Beatty PhD', 'http://lorempixel.com/640/480/');

INSERT INTO `artistas_favoritos_usuarios` (`usuarios_id`, `artistas_id`) VALUES (1, 1);
INSERT INTO `artistas_favoritos_usuarios` (`usuarios_id`, `artistas_id`) VALUES (2, 2);
INSERT INTO `artistas_favoritos_usuarios` (`usuarios_id`, `artistas_id`) VALUES (3, 3);
INSERT INTO `artistas_favoritos_usuarios` (`usuarios_id`, `artistas_id`) VALUES (4, 4);
INSERT INTO `artistas_favoritos_usuarios` (`usuarios_id`, `artistas_id`) VALUES (5, 5);
INSERT INTO `artistas_favoritos_usuarios` (`usuarios_id`, `artistas_id`) VALUES (6, 6);
INSERT INTO `artistas_favoritos_usuarios` (`usuarios_id`, `artistas_id`) VALUES (7, 7);
INSERT INTO `artistas_favoritos_usuarios` (`usuarios_id`, `artistas_id`) VALUES (8, 8);
INSERT INTO `artistas_favoritos_usuarios` (`usuarios_id`, `artistas_id`) VALUES (9, 9);
INSERT INTO `artistas_favoritos_usuarios` (`usuarios_id`, `artistas_id`) VALUES (10, 10);
INSERT INTO `artistas_favoritos_usuarios` (`usuarios_id`, `artistas_id`) VALUES (11, 11);
INSERT INTO `artistas_favoritos_usuarios` (`usuarios_id`, `artistas_id`) VALUES (12, 12);
INSERT INTO `artistas_favoritos_usuarios` (`usuarios_id`, `artistas_id`) VALUES (13, 13);
INSERT INTO `artistas_favoritos_usuarios` (`usuarios_id`, `artistas_id`) VALUES (14, 14);
INSERT INTO `artistas_favoritos_usuarios` (`usuarios_id`, `artistas_id`) VALUES (15, 15);
INSERT INTO `artistas_favoritos_usuarios` (`usuarios_id`, `artistas_id`) VALUES (16, 16);
INSERT INTO `artistas_favoritos_usuarios` (`usuarios_id`, `artistas_id`) VALUES (17, 17);
INSERT INTO `artistas_favoritos_usuarios` (`usuarios_id`, `artistas_id`) VALUES (18, 18);
INSERT INTO `artistas_favoritos_usuarios` (`usuarios_id`, `artistas_id`) VALUES (19, 19);
INSERT INTO `artistas_favoritos_usuarios` (`usuarios_id`, `artistas_id`) VALUES (20, 20);
INSERT INTO `artistas_favoritos_usuarios` (`usuarios_id`, `artistas_id`) VALUES (21, 21);
INSERT INTO `artistas_favoritos_usuarios` (`usuarios_id`, `artistas_id`) VALUES (22, 22);
INSERT INTO `artistas_favoritos_usuarios` (`usuarios_id`, `artistas_id`) VALUES (23, 23);
INSERT INTO `artistas_favoritos_usuarios` (`usuarios_id`, `artistas_id`) VALUES (24, 24);
INSERT INTO `artistas_favoritos_usuarios` (`usuarios_id`, `artistas_id`) VALUES (25, 25);
INSERT INTO `artistas_favoritos_usuarios` (`usuarios_id`, `artistas_id`) VALUES (26, 26);
INSERT INTO `artistas_favoritos_usuarios` (`usuarios_id`, `artistas_id`) VALUES (27, 27);
INSERT INTO `artistas_favoritos_usuarios` (`usuarios_id`, `artistas_id`) VALUES (28, 28);
INSERT INTO `artistas_favoritos_usuarios` (`usuarios_id`, `artistas_id`) VALUES (29, 29);
INSERT INTO `artistas_favoritos_usuarios` (`usuarios_id`, `artistas_id`) VALUES (30, 30);
INSERT INTO `artistas_favoritos_usuarios` (`usuarios_id`, `artistas_id`) VALUES (31, 31);
INSERT INTO `artistas_favoritos_usuarios` (`usuarios_id`, `artistas_id`) VALUES (32, 32);
INSERT INTO `artistas_favoritos_usuarios` (`usuarios_id`, `artistas_id`) VALUES (33, 33);
INSERT INTO `artistas_favoritos_usuarios` (`usuarios_id`, `artistas_id`) VALUES (34, 34);
INSERT INTO `artistas_favoritos_usuarios` (`usuarios_id`, `artistas_id`) VALUES (35, 35);
INSERT INTO `artistas_favoritos_usuarios` (`usuarios_id`, `artistas_id`) VALUES (36, 36);
INSERT INTO `artistas_favoritos_usuarios` (`usuarios_id`, `artistas_id`) VALUES (37, 37);
INSERT INTO `artistas_favoritos_usuarios` (`usuarios_id`, `artistas_id`) VALUES (38, 38);
INSERT INTO `artistas_favoritos_usuarios` (`usuarios_id`, `artistas_id`) VALUES (39, 39);
INSERT INTO `artistas_favoritos_usuarios` (`usuarios_id`, `artistas_id`) VALUES (40, 40);
INSERT INTO `artistas_favoritos_usuarios` (`usuarios_id`, `artistas_id`) VALUES (41, 41);
INSERT INTO `artistas_favoritos_usuarios` (`usuarios_id`, `artistas_id`) VALUES (42, 42);
INSERT INTO `artistas_favoritos_usuarios` (`usuarios_id`, `artistas_id`) VALUES (43, 43);
INSERT INTO `artistas_favoritos_usuarios` (`usuarios_id`, `artistas_id`) VALUES (44, 44);
INSERT INTO `artistas_favoritos_usuarios` (`usuarios_id`, `artistas_id`) VALUES (45, 45);
INSERT INTO `artistas_favoritos_usuarios` (`usuarios_id`, `artistas_id`) VALUES (46, 46);
INSERT INTO `artistas_favoritos_usuarios` (`usuarios_id`, `artistas_id`) VALUES (47, 47);
INSERT INTO `artistas_favoritos_usuarios` (`usuarios_id`, `artistas_id`) VALUES (48, 48);
INSERT INTO `artistas_favoritos_usuarios` (`usuarios_id`, `artistas_id`) VALUES (49, 49);
INSERT INTO `artistas_favoritos_usuarios` (`usuarios_id`, `artistas_id`) VALUES (50, 50);
INSERT INTO `artistas_favoritos_usuarios` (`usuarios_id`, `artistas_id`) VALUES (51, 51);
INSERT INTO `artistas_favoritos_usuarios` (`usuarios_id`, `artistas_id`) VALUES (52, 52);
INSERT INTO `artistas_favoritos_usuarios` (`usuarios_id`, `artistas_id`) VALUES (53, 53);
INSERT INTO `artistas_favoritos_usuarios` (`usuarios_id`, `artistas_id`) VALUES (54, 54);
INSERT INTO `artistas_favoritos_usuarios` (`usuarios_id`, `artistas_id`) VALUES (55, 55);
INSERT INTO `artistas_favoritos_usuarios` (`usuarios_id`, `artistas_id`) VALUES (56, 56);
INSERT INTO `artistas_favoritos_usuarios` (`usuarios_id`, `artistas_id`) VALUES (57, 57);
INSERT INTO `artistas_favoritos_usuarios` (`usuarios_id`, `artistas_id`) VALUES (58, 58);
INSERT INTO `artistas_favoritos_usuarios` (`usuarios_id`, `artistas_id`) VALUES (59, 59);
INSERT INTO `artistas_favoritos_usuarios` (`usuarios_id`, `artistas_id`) VALUES (60, 60);
INSERT INTO `artistas_favoritos_usuarios` (`usuarios_id`, `artistas_id`) VALUES (61, 61);
INSERT INTO `artistas_favoritos_usuarios` (`usuarios_id`, `artistas_id`) VALUES (62, 62);
INSERT INTO `artistas_favoritos_usuarios` (`usuarios_id`, `artistas_id`) VALUES (63, 63);
INSERT INTO `artistas_favoritos_usuarios` (`usuarios_id`, `artistas_id`) VALUES (64, 64);
INSERT INTO `artistas_favoritos_usuarios` (`usuarios_id`, `artistas_id`) VALUES (65, 65);
INSERT INTO `artistas_favoritos_usuarios` (`usuarios_id`, `artistas_id`) VALUES (66, 66);
INSERT INTO `artistas_favoritos_usuarios` (`usuarios_id`, `artistas_id`) VALUES (67, 67);
INSERT INTO `artistas_favoritos_usuarios` (`usuarios_id`, `artistas_id`) VALUES (68, 68);
INSERT INTO `artistas_favoritos_usuarios` (`usuarios_id`, `artistas_id`) VALUES (69, 69);
INSERT INTO `artistas_favoritos_usuarios` (`usuarios_id`, `artistas_id`) VALUES (70, 70);
INSERT INTO `artistas_favoritos_usuarios` (`usuarios_id`, `artistas_id`) VALUES (71, 71);
INSERT INTO `artistas_favoritos_usuarios` (`usuarios_id`, `artistas_id`) VALUES (72, 72);
INSERT INTO `artistas_favoritos_usuarios` (`usuarios_id`, `artistas_id`) VALUES (73, 73);
INSERT INTO `artistas_favoritos_usuarios` (`usuarios_id`, `artistas_id`) VALUES (74, 74);
INSERT INTO `artistas_favoritos_usuarios` (`usuarios_id`, `artistas_id`) VALUES (75, 75);
INSERT INTO `artistas_favoritos_usuarios` (`usuarios_id`, `artistas_id`) VALUES (76, 76);
INSERT INTO `artistas_favoritos_usuarios` (`usuarios_id`, `artistas_id`) VALUES (77, 77);
INSERT INTO `artistas_favoritos_usuarios` (`usuarios_id`, `artistas_id`) VALUES (78, 78);
INSERT INTO `artistas_favoritos_usuarios` (`usuarios_id`, `artistas_id`) VALUES (79, 79);
INSERT INTO `artistas_favoritos_usuarios` (`usuarios_id`, `artistas_id`) VALUES (80, 80);
INSERT INTO `artistas_favoritos_usuarios` (`usuarios_id`, `artistas_id`) VALUES (81, 81);
INSERT INTO `artistas_favoritos_usuarios` (`usuarios_id`, `artistas_id`) VALUES (82, 82);
INSERT INTO `artistas_favoritos_usuarios` (`usuarios_id`, `artistas_id`) VALUES (83, 83);
INSERT INTO `artistas_favoritos_usuarios` (`usuarios_id`, `artistas_id`) VALUES (84, 84);
INSERT INTO `artistas_favoritos_usuarios` (`usuarios_id`, `artistas_id`) VALUES (85, 85);
INSERT INTO `artistas_favoritos_usuarios` (`usuarios_id`, `artistas_id`) VALUES (86, 86);
INSERT INTO `artistas_favoritos_usuarios` (`usuarios_id`, `artistas_id`) VALUES (87, 87);
INSERT INTO `artistas_favoritos_usuarios` (`usuarios_id`, `artistas_id`) VALUES (88, 88);
INSERT INTO `artistas_favoritos_usuarios` (`usuarios_id`, `artistas_id`) VALUES (89, 89);
INSERT INTO `artistas_favoritos_usuarios` (`usuarios_id`, `artistas_id`) VALUES (90, 90);
INSERT INTO `artistas_favoritos_usuarios` (`usuarios_id`, `artistas_id`) VALUES (91, 91);
INSERT INTO `artistas_favoritos_usuarios` (`usuarios_id`, `artistas_id`) VALUES (92, 92);
INSERT INTO `artistas_favoritos_usuarios` (`usuarios_id`, `artistas_id`) VALUES (93, 93);
INSERT INTO `artistas_favoritos_usuarios` (`usuarios_id`, `artistas_id`) VALUES (94, 94);
INSERT INTO `artistas_favoritos_usuarios` (`usuarios_id`, `artistas_id`) VALUES (95, 95);
INSERT INTO `artistas_favoritos_usuarios` (`usuarios_id`, `artistas_id`) VALUES (96, 96);
INSERT INTO `artistas_favoritos_usuarios` (`usuarios_id`, `artistas_id`) VALUES (97, 97);
INSERT INTO `artistas_favoritos_usuarios` (`usuarios_id`, `artistas_id`) VALUES (98, 98);
INSERT INTO `artistas_favoritos_usuarios` (`usuarios_id`, `artistas_id`) VALUES (99, 99);
INSERT INTO `artistas_favoritos_usuarios` (`usuarios_id`, `artistas_id`) VALUES (100, 100);

INSERT INTO `artistas_relacionados` (`artista1_id`, `artista2_id`) VALUES (3, 76);
INSERT INTO `artistas_relacionados` (`artista1_id`, `artista2_id`) VALUES (3, 92);
INSERT INTO `artistas_relacionados` (`artista1_id`, `artista2_id`) VALUES (4, 38);
INSERT INTO `artistas_relacionados` (`artista1_id`, `artista2_id`) VALUES (4, 92);
INSERT INTO `artistas_relacionados` (`artista1_id`, `artista2_id`) VALUES (6, 39);
INSERT INTO `artistas_relacionados` (`artista1_id`, `artista2_id`) VALUES (7, 20);
INSERT INTO `artistas_relacionados` (`artista1_id`, `artista2_id`) VALUES (7, 75);
INSERT INTO `artistas_relacionados` (`artista1_id`, `artista2_id`) VALUES (9, 70);
INSERT INTO `artistas_relacionados` (`artista1_id`, `artista2_id`) VALUES (10, 26);
INSERT INTO `artistas_relacionados` (`artista1_id`, `artista2_id`) VALUES (12, 78);
INSERT INTO `artistas_relacionados` (`artista1_id`, `artista2_id`) VALUES (13, 86);
INSERT INTO `artistas_relacionados` (`artista1_id`, `artista2_id`) VALUES (14, 16);
INSERT INTO `artistas_relacionados` (`artista1_id`, `artista2_id`) VALUES (15, 17);
INSERT INTO `artistas_relacionados` (`artista1_id`, `artista2_id`) VALUES (17, 51);
INSERT INTO `artistas_relacionados` (`artista1_id`, `artista2_id`) VALUES (18, 2);
INSERT INTO `artistas_relacionados` (`artista1_id`, `artista2_id`) VALUES (18, 12);
INSERT INTO `artistas_relacionados` (`artista1_id`, `artista2_id`) VALUES (18, 56);
INSERT INTO `artistas_relacionados` (`artista1_id`, `artista2_id`) VALUES (20, 32);
INSERT INTO `artistas_relacionados` (`artista1_id`, `artista2_id`) VALUES (20, 73);
INSERT INTO `artistas_relacionados` (`artista1_id`, `artista2_id`) VALUES (21, 6);
INSERT INTO `artistas_relacionados` (`artista1_id`, `artista2_id`) VALUES (21, 13);
INSERT INTO `artistas_relacionados` (`artista1_id`, `artista2_id`) VALUES (22, 39);
INSERT INTO `artistas_relacionados` (`artista1_id`, `artista2_id`) VALUES (23, 9);
INSERT INTO `artistas_relacionados` (`artista1_id`, `artista2_id`) VALUES (24, 67);
INSERT INTO `artistas_relacionados` (`artista1_id`, `artista2_id`) VALUES (26, 64);
INSERT INTO `artistas_relacionados` (`artista1_id`, `artista2_id`) VALUES (26, 79);
INSERT INTO `artistas_relacionados` (`artista1_id`, `artista2_id`) VALUES (27, 72);
INSERT INTO `artistas_relacionados` (`artista1_id`, `artista2_id`) VALUES (28, 1);
INSERT INTO `artistas_relacionados` (`artista1_id`, `artista2_id`) VALUES (29, 17);
INSERT INTO `artistas_relacionados` (`artista1_id`, `artista2_id`) VALUES (29, 99);
INSERT INTO `artistas_relacionados` (`artista1_id`, `artista2_id`) VALUES (31, 68);
INSERT INTO `artistas_relacionados` (`artista1_id`, `artista2_id`) VALUES (31, 89);
INSERT INTO `artistas_relacionados` (`artista1_id`, `artista2_id`) VALUES (33, 40);
INSERT INTO `artistas_relacionados` (`artista1_id`, `artista2_id`) VALUES (36, 15);
INSERT INTO `artistas_relacionados` (`artista1_id`, `artista2_id`) VALUES (36, 36);
INSERT INTO `artistas_relacionados` (`artista1_id`, `artista2_id`) VALUES (36, 73);
INSERT INTO `artistas_relacionados` (`artista1_id`, `artista2_id`) VALUES (37, 57);
INSERT INTO `artistas_relacionados` (`artista1_id`, `artista2_id`) VALUES (38, 39);
INSERT INTO `artistas_relacionados` (`artista1_id`, `artista2_id`) VALUES (38, 41);
INSERT INTO `artistas_relacionados` (`artista1_id`, `artista2_id`) VALUES (38, 46);
INSERT INTO `artistas_relacionados` (`artista1_id`, `artista2_id`) VALUES (38, 68);
INSERT INTO `artistas_relacionados` (`artista1_id`, `artista2_id`) VALUES (39, 75);
INSERT INTO `artistas_relacionados` (`artista1_id`, `artista2_id`) VALUES (40, 89);
INSERT INTO `artistas_relacionados` (`artista1_id`, `artista2_id`) VALUES (42, 25);
INSERT INTO `artistas_relacionados` (`artista1_id`, `artista2_id`) VALUES (43, 11);
INSERT INTO `artistas_relacionados` (`artista1_id`, `artista2_id`) VALUES (44, 53);
INSERT INTO `artistas_relacionados` (`artista1_id`, `artista2_id`) VALUES (45, 60);
INSERT INTO `artistas_relacionados` (`artista1_id`, `artista2_id`) VALUES (46, 31);
INSERT INTO `artistas_relacionados` (`artista1_id`, `artista2_id`) VALUES (46, 60);
INSERT INTO `artistas_relacionados` (`artista1_id`, `artista2_id`) VALUES (46, 80);
INSERT INTO `artistas_relacionados` (`artista1_id`, `artista2_id`) VALUES (48, 74);
INSERT INTO `artistas_relacionados` (`artista1_id`, `artista2_id`) VALUES (50, 29);
INSERT INTO `artistas_relacionados` (`artista1_id`, `artista2_id`) VALUES (50, 30);
INSERT INTO `artistas_relacionados` (`artista1_id`, `artista2_id`) VALUES (50, 69);
INSERT INTO `artistas_relacionados` (`artista1_id`, `artista2_id`) VALUES (52, 90);
INSERT INTO `artistas_relacionados` (`artista1_id`, `artista2_id`) VALUES (54, 6);
INSERT INTO `artistas_relacionados` (`artista1_id`, `artista2_id`) VALUES (54, 90);
INSERT INTO `artistas_relacionados` (`artista1_id`, `artista2_id`) VALUES (55, 88);
INSERT INTO `artistas_relacionados` (`artista1_id`, `artista2_id`) VALUES (58, 87);
INSERT INTO `artistas_relacionados` (`artista1_id`, `artista2_id`) VALUES (61, 47);
INSERT INTO `artistas_relacionados` (`artista1_id`, `artista2_id`) VALUES (63, 42);
INSERT INTO `artistas_relacionados` (`artista1_id`, `artista2_id`) VALUES (63, 78);
INSERT INTO `artistas_relacionados` (`artista1_id`, `artista2_id`) VALUES (64, 71);
INSERT INTO `artistas_relacionados` (`artista1_id`, `artista2_id`) VALUES (66, 15);
INSERT INTO `artistas_relacionados` (`artista1_id`, `artista2_id`) VALUES (69, 65);
INSERT INTO `artistas_relacionados` (`artista1_id`, `artista2_id`) VALUES (70, 11);
INSERT INTO `artistas_relacionados` (`artista1_id`, `artista2_id`) VALUES (70, 17);
INSERT INTO `artistas_relacionados` (`artista1_id`, `artista2_id`) VALUES (73, 47);
INSERT INTO `artistas_relacionados` (`artista1_id`, `artista2_id`) VALUES (75, 57);
INSERT INTO `artistas_relacionados` (`artista1_id`, `artista2_id`) VALUES (75, 69);
INSERT INTO `artistas_relacionados` (`artista1_id`, `artista2_id`) VALUES (76, 38);
INSERT INTO `artistas_relacionados` (`artista1_id`, `artista2_id`) VALUES (76, 84);
INSERT INTO `artistas_relacionados` (`artista1_id`, `artista2_id`) VALUES (80, 95);
INSERT INTO `artistas_relacionados` (`artista1_id`, `artista2_id`) VALUES (81, 39);
INSERT INTO `artistas_relacionados` (`artista1_id`, `artista2_id`) VALUES (81, 80);
INSERT INTO `artistas_relacionados` (`artista1_id`, `artista2_id`) VALUES (81, 88);
INSERT INTO `artistas_relacionados` (`artista1_id`, `artista2_id`) VALUES (82, 23);
INSERT INTO `artistas_relacionados` (`artista1_id`, `artista2_id`) VALUES (83, 61);
INSERT INTO `artistas_relacionados` (`artista1_id`, `artista2_id`) VALUES (83, 97);
INSERT INTO `artistas_relacionados` (`artista1_id`, `artista2_id`) VALUES (87, 47);
INSERT INTO `artistas_relacionados` (`artista1_id`, `artista2_id`) VALUES (87, 53);
INSERT INTO `artistas_relacionados` (`artista1_id`, `artista2_id`) VALUES (87, 70);
INSERT INTO `artistas_relacionados` (`artista1_id`, `artista2_id`) VALUES (87, 80);
INSERT INTO `artistas_relacionados` (`artista1_id`, `artista2_id`) VALUES (88, 61);
INSERT INTO `artistas_relacionados` (`artista1_id`, `artista2_id`) VALUES (88, 63);
INSERT INTO `artistas_relacionados` (`artista1_id`, `artista2_id`) VALUES (89, 68);
INSERT INTO `artistas_relacionados` (`artista1_id`, `artista2_id`) VALUES (90, 24);
INSERT INTO `artistas_relacionados` (`artista1_id`, `artista2_id`) VALUES (92, 28);
INSERT INTO `artistas_relacionados` (`artista1_id`, `artista2_id`) VALUES (93, 58);
INSERT INTO `artistas_relacionados` (`artista1_id`, `artista2_id`) VALUES (93, 97);
INSERT INTO `artistas_relacionados` (`artista1_id`, `artista2_id`) VALUES (94, 7);
INSERT INTO `artistas_relacionados` (`artista1_id`, `artista2_id`) VALUES (94, 68);
INSERT INTO `artistas_relacionados` (`artista1_id`, `artista2_id`) VALUES (95, 9);
INSERT INTO `artistas_relacionados` (`artista1_id`, `artista2_id`) VALUES (95, 45);
INSERT INTO `artistas_relacionados` (`artista1_id`, `artista2_id`) VALUES (96, 69);
INSERT INTO `artistas_relacionados` (`artista1_id`, `artista2_id`) VALUES (97, 21);
INSERT INTO `artistas_relacionados` (`artista1_id`, `artista2_id`) VALUES (97, 50);
INSERT INTO `artistas_relacionados` (`artista1_id`, `artista2_id`) VALUES (97, 72);
INSERT INTO `artistas_relacionados` (`artista1_id`, `artista2_id`) VALUES (100, 48);
INSERT INTO `artistas_relacionados` (`artista1_id`, `artista2_id`) VALUES (100, 52);

INSERT INTO `canciones` (`id`, `titulo`, `duracion`, `reproducciones`, `albums_id`) VALUES (1, 'Voluptatem cupiditate porro dolor qui dolore.', 582, 87166, 1);
INSERT INTO `canciones` (`id`, `titulo`, `duracion`, `reproducciones`, `albums_id`) VALUES (2, 'Eum consequatur odit libero adipisci minima i', 306, 96925996, 2);
INSERT INTO `canciones` (`id`, `titulo`, `duracion`, `reproducciones`, `albums_id`) VALUES (3, 'Fugit repellendus voluptas aut facere aliquid', 544, 1814858, 3);
INSERT INTO `canciones` (`id`, `titulo`, `duracion`, `reproducciones`, `albums_id`) VALUES (4, 'Aspernatur cum qui sit voluptatem velit.', 476, 41755439, 4);
INSERT INTO `canciones` (`id`, `titulo`, `duracion`, `reproducciones`, `albums_id`) VALUES (5, 'Ipsum in natus qui dolore rerum occaecati und', 564, 262, 5);
INSERT INTO `canciones` (`id`, `titulo`, `duracion`, `reproducciones`, `albums_id`) VALUES (6, 'Porro animi consequuntur at molestias.', 496, 46181, 6);
INSERT INTO `canciones` (`id`, `titulo`, `duracion`, `reproducciones`, `albums_id`) VALUES (7, 'Facere sed doloribus laboriosam consequuntur.', 317, 87088520, 7);
INSERT INTO `canciones` (`id`, `titulo`, `duracion`, `reproducciones`, `albums_id`) VALUES (8, 'Excepturi repudiandae dicta distinctio eos si', 550, 87223141, 8);
INSERT INTO `canciones` (`id`, `titulo`, `duracion`, `reproducciones`, `albums_id`) VALUES (9, 'Illum dolorem corporis facere veniam voluptat', 512, 0, 9);
INSERT INTO `canciones` (`id`, `titulo`, `duracion`, `reproducciones`, `albums_id`) VALUES (10, 'Nisi tenetur id laudantium voluptatem sit min', 165, 5307, 10);
INSERT INTO `canciones` (`id`, `titulo`, `duracion`, `reproducciones`, `albums_id`) VALUES (11, 'Aut ut voluptas vel earum cumque.', 327, 9508208, 11);
INSERT INTO `canciones` (`id`, `titulo`, `duracion`, `reproducciones`, `albums_id`) VALUES (12, 'Non exercitationem sequi laudantium nihil.', 473, 5299907, 12);
INSERT INTO `canciones` (`id`, `titulo`, `duracion`, `reproducciones`, `albums_id`) VALUES (13, 'Ducimus nemo odio fugiat et natus laudantium.', 465, 0, 13);
INSERT INTO `canciones` (`id`, `titulo`, `duracion`, `reproducciones`, `albums_id`) VALUES (14, 'Veritatis architecto ullam assumenda expedita', 270, 0, 14);
INSERT INTO `canciones` (`id`, `titulo`, `duracion`, `reproducciones`, `albums_id`) VALUES (15, 'Est omnis corporis aut ipsa natus maiores har', 173, 85402, 15);
INSERT INTO `canciones` (`id`, `titulo`, `duracion`, `reproducciones`, `albums_id`) VALUES (16, 'Debitis quisquam sit rerum id aut explicabo c', 29, 6754308, 16);
INSERT INTO `canciones` (`id`, `titulo`, `duracion`, `reproducciones`, `albums_id`) VALUES (17, 'Commodi maxime repudiandae aut sunt quasi dol', 538, 22671255, 17);
INSERT INTO `canciones` (`id`, `titulo`, `duracion`, `reproducciones`, `albums_id`) VALUES (18, 'Et quis aliquam voluptatibus velit ipsum.', 29, 40435403, 18);
INSERT INTO `canciones` (`id`, `titulo`, `duracion`, `reproducciones`, `albums_id`) VALUES (19, 'Earum soluta hic minima sint non praesentium.', 69, 1844, 19);
INSERT INTO `canciones` (`id`, `titulo`, `duracion`, `reproducciones`, `albums_id`) VALUES (20, 'Voluptatem officiis impedit iusto vel dolorem', 0, 8772212, 20);
INSERT INTO `canciones` (`id`, `titulo`, `duracion`, `reproducciones`, `albums_id`) VALUES (21, 'Deserunt qui iure doloremque et.', 79, 90821488, 21);
INSERT INTO `canciones` (`id`, `titulo`, `duracion`, `reproducciones`, `albums_id`) VALUES (22, 'In quas illum laborum a dignissimos et at.', 91, 2203880, 22);
INSERT INTO `canciones` (`id`, `titulo`, `duracion`, `reproducciones`, `albums_id`) VALUES (23, 'Odit qui voluptatem molestiae et sit aliquid ', 138, 377, 23);
INSERT INTO `canciones` (`id`, `titulo`, `duracion`, `reproducciones`, `albums_id`) VALUES (24, 'Quos accusamus ad ullam quisquam.', 24, 463868, 24);
INSERT INTO `canciones` (`id`, `titulo`, `duracion`, `reproducciones`, `albums_id`) VALUES (25, 'Esse expedita sint mollitia laboriosam in.', 130, 2987744, 25);
INSERT INTO `canciones` (`id`, `titulo`, `duracion`, `reproducciones`, `albums_id`) VALUES (26, 'Delectus nihil impedit quia ut consequatur au', 280, 27534, 26);
INSERT INTO `canciones` (`id`, `titulo`, `duracion`, `reproducciones`, `albums_id`) VALUES (27, 'Aut dolorum ratione sequi facere.', 186, 86560477, 27);
INSERT INTO `canciones` (`id`, `titulo`, `duracion`, `reproducciones`, `albums_id`) VALUES (28, 'Voluptatem delectus adipisci eaque cupiditate', 593, 18724082, 28);
INSERT INTO `canciones` (`id`, `titulo`, `duracion`, `reproducciones`, `albums_id`) VALUES (29, 'Dolor et at accusamus expedita aut incidunt e', 166, 501672, 29);
INSERT INTO `canciones` (`id`, `titulo`, `duracion`, `reproducciones`, `albums_id`) VALUES (30, 'Corporis tempora blanditiis nisi iste quos qu', 351, 8, 30);
INSERT INTO `canciones` (`id`, `titulo`, `duracion`, `reproducciones`, `albums_id`) VALUES (31, 'Consectetur quis non minus esse ducimus.', 139, 372003, 31);
INSERT INTO `canciones` (`id`, `titulo`, `duracion`, `reproducciones`, `albums_id`) VALUES (32, 'Ut consectetur ut est minus corporis qui blan', 52, 967557588, 32);
INSERT INTO `canciones` (`id`, `titulo`, `duracion`, `reproducciones`, `albums_id`) VALUES (33, 'Sed et voluptatem tempore beatae voluptatem e', 237, 0, 33);
INSERT INTO `canciones` (`id`, `titulo`, `duracion`, `reproducciones`, `albums_id`) VALUES (34, 'Quia soluta omnis rerum veniam at saepe.', 32, 29, 34);
INSERT INTO `canciones` (`id`, `titulo`, `duracion`, `reproducciones`, `albums_id`) VALUES (35, 'Quo velit laborum et est nulla nisi porro.', 572, 503, 35);
INSERT INTO `canciones` (`id`, `titulo`, `duracion`, `reproducciones`, `albums_id`) VALUES (36, 'Veritatis distinctio est dolore ut et reicien', 88, 981115469, 36);
INSERT INTO `canciones` (`id`, `titulo`, `duracion`, `reproducciones`, `albums_id`) VALUES (37, 'Vero est possimus et est ut porro velit modi.', 422, 8, 37);
INSERT INTO `canciones` (`id`, `titulo`, `duracion`, `reproducciones`, `albums_id`) VALUES (38, 'Et vel tenetur repudiandae quod.', 325, 1665494, 38);
INSERT INTO `canciones` (`id`, `titulo`, `duracion`, `reproducciones`, `albums_id`) VALUES (39, 'Et ut ea odit.', 364, 730526, 39);
INSERT INTO `canciones` (`id`, `titulo`, `duracion`, `reproducciones`, `albums_id`) VALUES (40, 'Rem officia tempore aut quis.', 206, 590, 40);
INSERT INTO `canciones` (`id`, `titulo`, `duracion`, `reproducciones`, `albums_id`) VALUES (41, 'Est sit voluptatem sapiente ullam eum reprehe', 141, 623108, 41);
INSERT INTO `canciones` (`id`, `titulo`, `duracion`, `reproducciones`, `albums_id`) VALUES (42, 'Expedita veniam culpa nemo voluptatem sed in ', 27, 6023, 42);
INSERT INTO `canciones` (`id`, `titulo`, `duracion`, `reproducciones`, `albums_id`) VALUES (43, 'Repellat provident totam deserunt sint non do', 241, 324070259, 43);
INSERT INTO `canciones` (`id`, `titulo`, `duracion`, `reproducciones`, `albums_id`) VALUES (44, 'Vel incidunt hic quia rerum ab amet.', 111, 871484867, 44);
INSERT INTO `canciones` (`id`, `titulo`, `duracion`, `reproducciones`, `albums_id`) VALUES (45, 'Libero et consequuntur natus quibusdam.', 355, 4, 45);
INSERT INTO `canciones` (`id`, `titulo`, `duracion`, `reproducciones`, `albums_id`) VALUES (46, 'Modi vero sit animi in atque ut officia quisq', 474, 86, 46);
INSERT INTO `canciones` (`id`, `titulo`, `duracion`, `reproducciones`, `albums_id`) VALUES (47, 'Error molestiae iusto consequatur repellat.', 426, 634, 47);
INSERT INTO `canciones` (`id`, `titulo`, `duracion`, `reproducciones`, `albums_id`) VALUES (48, 'Reprehenderit sed ad quia consequatur.', 586, 0, 48);
INSERT INTO `canciones` (`id`, `titulo`, `duracion`, `reproducciones`, `albums_id`) VALUES (49, 'Quo modi non aspernatur possimus.', 92, 380067, 49);
INSERT INTO `canciones` (`id`, `titulo`, `duracion`, `reproducciones`, `albums_id`) VALUES (50, 'Debitis ut ex tempora et nisi nihil.', 238, 1701, 50);
INSERT INTO `canciones` (`id`, `titulo`, `duracion`, `reproducciones`, `albums_id`) VALUES (51, 'Assumenda eum voluptatem odit esse exercitati', 494, 35, 51);
INSERT INTO `canciones` (`id`, `titulo`, `duracion`, `reproducciones`, `albums_id`) VALUES (52, 'Sed asperiores magnam odio tempora nobis aut ', 447, 865518, 52);
INSERT INTO `canciones` (`id`, `titulo`, `duracion`, `reproducciones`, `albums_id`) VALUES (53, 'Minima qui hic voluptatum est in velit labori', 64, 7881, 53);
INSERT INTO `canciones` (`id`, `titulo`, `duracion`, `reproducciones`, `albums_id`) VALUES (54, 'Aliquam voluptatem omnis saepe quis minus lab', 582, 7739063, 54);
INSERT INTO `canciones` (`id`, `titulo`, `duracion`, `reproducciones`, `albums_id`) VALUES (55, 'Amet consectetur et debitis aut et expedita m', 135, 678443757, 55);
INSERT INTO `canciones` (`id`, `titulo`, `duracion`, `reproducciones`, `albums_id`) VALUES (56, 'Non quia et expedita corrupti architecto veri', 514, 7700517, 56);
INSERT INTO `canciones` (`id`, `titulo`, `duracion`, `reproducciones`, `albums_id`) VALUES (57, 'Facere odit est fugit veritatis dicta sit.', 356, 75, 57);
INSERT INTO `canciones` (`id`, `titulo`, `duracion`, `reproducciones`, `albums_id`) VALUES (58, 'Molestiae adipisci dolorum dicta et qui.', 538, 70286934, 58);
INSERT INTO `canciones` (`id`, `titulo`, `duracion`, `reproducciones`, `albums_id`) VALUES (59, 'Perspiciatis ut vel doloribus ullam voluptas.', 148, 6, 59);
INSERT INTO `canciones` (`id`, `titulo`, `duracion`, `reproducciones`, `albums_id`) VALUES (60, 'Et eligendi a vel nam veniam molestiae.', 349, 51721922, 60);
INSERT INTO `canciones` (`id`, `titulo`, `duracion`, `reproducciones`, `albums_id`) VALUES (61, 'Mollitia culpa nostrum voluptatum reiciendis ', 119, 95, 61);
INSERT INTO `canciones` (`id`, `titulo`, `duracion`, `reproducciones`, `albums_id`) VALUES (62, 'Rem non dolorem fugiat accusantium provident ', 225, 27, 62);
INSERT INTO `canciones` (`id`, `titulo`, `duracion`, `reproducciones`, `albums_id`) VALUES (63, 'Excepturi perferendis repellat delectus et fa', 317, 451174864, 63);
INSERT INTO `canciones` (`id`, `titulo`, `duracion`, `reproducciones`, `albums_id`) VALUES (64, 'Modi debitis sit earum sint.', 591, 2, 64);
INSERT INTO `canciones` (`id`, `titulo`, `duracion`, `reproducciones`, `albums_id`) VALUES (65, 'Atque similique deleniti nihil dolorum volupt', 137, 378, 65);
INSERT INTO `canciones` (`id`, `titulo`, `duracion`, `reproducciones`, `albums_id`) VALUES (66, 'Assumenda voluptatum dolorum iusto beatae exc', 148, 4906, 66);
INSERT INTO `canciones` (`id`, `titulo`, `duracion`, `reproducciones`, `albums_id`) VALUES (67, 'Consequatur inventore nam omnis earum.', 184, 0, 67);
INSERT INTO `canciones` (`id`, `titulo`, `duracion`, `reproducciones`, `albums_id`) VALUES (68, 'Aut veniam consequatur aut quis placeat ea qu', 213, 9, 68);
INSERT INTO `canciones` (`id`, `titulo`, `duracion`, `reproducciones`, `albums_id`) VALUES (69, 'Itaque adipisci et autem.', 378, 905154947, 69);
INSERT INTO `canciones` (`id`, `titulo`, `duracion`, `reproducciones`, `albums_id`) VALUES (70, 'Natus vero perferendis aut dolores.', 386, 3274, 70);
INSERT INTO `canciones` (`id`, `titulo`, `duracion`, `reproducciones`, `albums_id`) VALUES (71, 'Voluptatem quam aliquam est quam.', 427, 901, 71);
INSERT INTO `canciones` (`id`, `titulo`, `duracion`, `reproducciones`, `albums_id`) VALUES (72, 'Ut porro molestiae quam est corporis quia aut', 121, 3640826, 72);
INSERT INTO `canciones` (`id`, `titulo`, `duracion`, `reproducciones`, `albums_id`) VALUES (73, 'Et esse sunt eius amet id hic fugit.', 155, 7, 73);
INSERT INTO `canciones` (`id`, `titulo`, `duracion`, `reproducciones`, `albums_id`) VALUES (74, 'Explicabo quidem aut ut aut vitae necessitati', 177, 41610, 74);
INSERT INTO `canciones` (`id`, `titulo`, `duracion`, `reproducciones`, `albums_id`) VALUES (75, 'Sit cupiditate dolor illum voluptas debitis i', 16, 472873, 75);
INSERT INTO `canciones` (`id`, `titulo`, `duracion`, `reproducciones`, `albums_id`) VALUES (76, 'Dolorum adipisci qui sit rerum.', 504, 5003304, 76);
INSERT INTO `canciones` (`id`, `titulo`, `duracion`, `reproducciones`, `albums_id`) VALUES (77, 'Ut provident hic quod.', 92, 613, 77);
INSERT INTO `canciones` (`id`, `titulo`, `duracion`, `reproducciones`, `albums_id`) VALUES (78, 'Pariatur hic autem provident qui.', 149, 1, 78);
INSERT INTO `canciones` (`id`, `titulo`, `duracion`, `reproducciones`, `albums_id`) VALUES (79, 'Vitae laboriosam et delectus quisquam et omni', 476, 245217, 79);
INSERT INTO `canciones` (`id`, `titulo`, `duracion`, `reproducciones`, `albums_id`) VALUES (80, 'Ea sit laudantium quae ipsam.', 128, 433, 80);
INSERT INTO `canciones` (`id`, `titulo`, `duracion`, `reproducciones`, `albums_id`) VALUES (81, 'Autem eius amet nobis reiciendis qui.', 440, 164039886, 81);
INSERT INTO `canciones` (`id`, `titulo`, `duracion`, `reproducciones`, `albums_id`) VALUES (82, 'Sit laborum architecto dolore animi qui nam q', 527, 0, 82);
INSERT INTO `canciones` (`id`, `titulo`, `duracion`, `reproducciones`, `albums_id`) VALUES (83, 'Possimus explicabo et rerum qui.', 593, 35264220, 83);
INSERT INTO `canciones` (`id`, `titulo`, `duracion`, `reproducciones`, `albums_id`) VALUES (84, 'Aut dolorem consectetur quis consequatur.', 555, 29, 84);
INSERT INTO `canciones` (`id`, `titulo`, `duracion`, `reproducciones`, `albums_id`) VALUES (85, 'Iure dolores nihil aut est magni blanditiis.', 536, 0, 85);
INSERT INTO `canciones` (`id`, `titulo`, `duracion`, `reproducciones`, `albums_id`) VALUES (86, 'Expedita aut officia voluptas iure.', 319, 64632, 86);
INSERT INTO `canciones` (`id`, `titulo`, `duracion`, `reproducciones`, `albums_id`) VALUES (87, 'Consectetur accusantium est veniam libero inc', 326, 9731442, 87);
INSERT INTO `canciones` (`id`, `titulo`, `duracion`, `reproducciones`, `albums_id`) VALUES (88, 'Sit repellat quod exercitationem reprehenderi', 68, 758777403, 88);
INSERT INTO `canciones` (`id`, `titulo`, `duracion`, `reproducciones`, `albums_id`) VALUES (89, 'Quae quibusdam optio est placeat et tenetur.', 64, 0, 89);
INSERT INTO `canciones` (`id`, `titulo`, `duracion`, `reproducciones`, `albums_id`) VALUES (90, 'Quo sunt consequuntur occaecati nisi.', 38, 26196, 90);
INSERT INTO `canciones` (`id`, `titulo`, `duracion`, `reproducciones`, `albums_id`) VALUES (91, 'Quis odio sunt accusantium.', 281, 977184, 91);
INSERT INTO `canciones` (`id`, `titulo`, `duracion`, `reproducciones`, `albums_id`) VALUES (92, 'Facere quis unde eius et a.', 101, 97, 92);
INSERT INTO `canciones` (`id`, `titulo`, `duracion`, `reproducciones`, `albums_id`) VALUES (93, 'Voluptas optio et dolorum voluptatem.', 396, 59, 93);
INSERT INTO `canciones` (`id`, `titulo`, `duracion`, `reproducciones`, `albums_id`) VALUES (94, 'Soluta dolorem rerum impedit nemo alias aut.', 94, 15, 94);
INSERT INTO `canciones` (`id`, `titulo`, `duracion`, `reproducciones`, `albums_id`) VALUES (95, 'Alias deserunt quidem laudantium sed.', 175, 69105118, 95);
INSERT INTO `canciones` (`id`, `titulo`, `duracion`, `reproducciones`, `albums_id`) VALUES (96, 'Tempora deleniti qui quibusdam vitae necessit', 592, 4324, 96);
INSERT INTO `canciones` (`id`, `titulo`, `duracion`, `reproducciones`, `albums_id`) VALUES (97, 'Molestiae nulla error ex est.', 509, 0, 97);
INSERT INTO `canciones` (`id`, `titulo`, `duracion`, `reproducciones`, `albums_id`) VALUES (98, 'Et ut distinctio hic qui earum.', 41, 2486, 98);
INSERT INTO `canciones` (`id`, `titulo`, `duracion`, `reproducciones`, `albums_id`) VALUES (99, 'Ad minima aut aliquid accusantium ut repellat', 116, 424720, 99);
INSERT INTO `canciones` (`id`, `titulo`, `duracion`, `reproducciones`, `albums_id`) VALUES (100, 'Voluptate quasi praesentium maxime dolor.', 334, 72156, 100);

INSERT INTO `canciones_favoritas_usuarios` (`usuarios_id`, `canciones_id`) VALUES (1, 1);
INSERT INTO `canciones_favoritas_usuarios` (`usuarios_id`, `canciones_id`) VALUES (2, 2);
INSERT INTO `canciones_favoritas_usuarios` (`usuarios_id`, `canciones_id`) VALUES (3, 3);
INSERT INTO `canciones_favoritas_usuarios` (`usuarios_id`, `canciones_id`) VALUES (4, 4);
INSERT INTO `canciones_favoritas_usuarios` (`usuarios_id`, `canciones_id`) VALUES (5, 5);
INSERT INTO `canciones_favoritas_usuarios` (`usuarios_id`, `canciones_id`) VALUES (6, 6);
INSERT INTO `canciones_favoritas_usuarios` (`usuarios_id`, `canciones_id`) VALUES (7, 7);
INSERT INTO `canciones_favoritas_usuarios` (`usuarios_id`, `canciones_id`) VALUES (8, 8);
INSERT INTO `canciones_favoritas_usuarios` (`usuarios_id`, `canciones_id`) VALUES (9, 9);
INSERT INTO `canciones_favoritas_usuarios` (`usuarios_id`, `canciones_id`) VALUES (10, 10);
INSERT INTO `canciones_favoritas_usuarios` (`usuarios_id`, `canciones_id`) VALUES (11, 11);
INSERT INTO `canciones_favoritas_usuarios` (`usuarios_id`, `canciones_id`) VALUES (12, 12);
INSERT INTO `canciones_favoritas_usuarios` (`usuarios_id`, `canciones_id`) VALUES (13, 13);
INSERT INTO `canciones_favoritas_usuarios` (`usuarios_id`, `canciones_id`) VALUES (14, 14);
INSERT INTO `canciones_favoritas_usuarios` (`usuarios_id`, `canciones_id`) VALUES (15, 15);
INSERT INTO `canciones_favoritas_usuarios` (`usuarios_id`, `canciones_id`) VALUES (16, 16);
INSERT INTO `canciones_favoritas_usuarios` (`usuarios_id`, `canciones_id`) VALUES (17, 17);
INSERT INTO `canciones_favoritas_usuarios` (`usuarios_id`, `canciones_id`) VALUES (18, 18);
INSERT INTO `canciones_favoritas_usuarios` (`usuarios_id`, `canciones_id`) VALUES (19, 19);
INSERT INTO `canciones_favoritas_usuarios` (`usuarios_id`, `canciones_id`) VALUES (20, 20);
INSERT INTO `canciones_favoritas_usuarios` (`usuarios_id`, `canciones_id`) VALUES (21, 21);
INSERT INTO `canciones_favoritas_usuarios` (`usuarios_id`, `canciones_id`) VALUES (22, 22);
INSERT INTO `canciones_favoritas_usuarios` (`usuarios_id`, `canciones_id`) VALUES (23, 23);
INSERT INTO `canciones_favoritas_usuarios` (`usuarios_id`, `canciones_id`) VALUES (24, 24);
INSERT INTO `canciones_favoritas_usuarios` (`usuarios_id`, `canciones_id`) VALUES (25, 25);
INSERT INTO `canciones_favoritas_usuarios` (`usuarios_id`, `canciones_id`) VALUES (26, 26);
INSERT INTO `canciones_favoritas_usuarios` (`usuarios_id`, `canciones_id`) VALUES (27, 27);
INSERT INTO `canciones_favoritas_usuarios` (`usuarios_id`, `canciones_id`) VALUES (28, 28);
INSERT INTO `canciones_favoritas_usuarios` (`usuarios_id`, `canciones_id`) VALUES (29, 29);
INSERT INTO `canciones_favoritas_usuarios` (`usuarios_id`, `canciones_id`) VALUES (30, 30);
INSERT INTO `canciones_favoritas_usuarios` (`usuarios_id`, `canciones_id`) VALUES (31, 31);
INSERT INTO `canciones_favoritas_usuarios` (`usuarios_id`, `canciones_id`) VALUES (32, 32);
INSERT INTO `canciones_favoritas_usuarios` (`usuarios_id`, `canciones_id`) VALUES (33, 33);
INSERT INTO `canciones_favoritas_usuarios` (`usuarios_id`, `canciones_id`) VALUES (34, 34);
INSERT INTO `canciones_favoritas_usuarios` (`usuarios_id`, `canciones_id`) VALUES (35, 35);
INSERT INTO `canciones_favoritas_usuarios` (`usuarios_id`, `canciones_id`) VALUES (36, 36);
INSERT INTO `canciones_favoritas_usuarios` (`usuarios_id`, `canciones_id`) VALUES (37, 37);
INSERT INTO `canciones_favoritas_usuarios` (`usuarios_id`, `canciones_id`) VALUES (38, 38);
INSERT INTO `canciones_favoritas_usuarios` (`usuarios_id`, `canciones_id`) VALUES (39, 39);
INSERT INTO `canciones_favoritas_usuarios` (`usuarios_id`, `canciones_id`) VALUES (40, 40);
INSERT INTO `canciones_favoritas_usuarios` (`usuarios_id`, `canciones_id`) VALUES (41, 41);
INSERT INTO `canciones_favoritas_usuarios` (`usuarios_id`, `canciones_id`) VALUES (42, 42);
INSERT INTO `canciones_favoritas_usuarios` (`usuarios_id`, `canciones_id`) VALUES (43, 43);
INSERT INTO `canciones_favoritas_usuarios` (`usuarios_id`, `canciones_id`) VALUES (44, 44);
INSERT INTO `canciones_favoritas_usuarios` (`usuarios_id`, `canciones_id`) VALUES (45, 45);
INSERT INTO `canciones_favoritas_usuarios` (`usuarios_id`, `canciones_id`) VALUES (46, 46);
INSERT INTO `canciones_favoritas_usuarios` (`usuarios_id`, `canciones_id`) VALUES (47, 47);
INSERT INTO `canciones_favoritas_usuarios` (`usuarios_id`, `canciones_id`) VALUES (48, 48);
INSERT INTO `canciones_favoritas_usuarios` (`usuarios_id`, `canciones_id`) VALUES (49, 49);
INSERT INTO `canciones_favoritas_usuarios` (`usuarios_id`, `canciones_id`) VALUES (50, 50);
INSERT INTO `canciones_favoritas_usuarios` (`usuarios_id`, `canciones_id`) VALUES (51, 51);
INSERT INTO `canciones_favoritas_usuarios` (`usuarios_id`, `canciones_id`) VALUES (52, 52);
INSERT INTO `canciones_favoritas_usuarios` (`usuarios_id`, `canciones_id`) VALUES (53, 53);
INSERT INTO `canciones_favoritas_usuarios` (`usuarios_id`, `canciones_id`) VALUES (54, 54);
INSERT INTO `canciones_favoritas_usuarios` (`usuarios_id`, `canciones_id`) VALUES (55, 55);
INSERT INTO `canciones_favoritas_usuarios` (`usuarios_id`, `canciones_id`) VALUES (56, 56);
INSERT INTO `canciones_favoritas_usuarios` (`usuarios_id`, `canciones_id`) VALUES (57, 57);
INSERT INTO `canciones_favoritas_usuarios` (`usuarios_id`, `canciones_id`) VALUES (58, 58);
INSERT INTO `canciones_favoritas_usuarios` (`usuarios_id`, `canciones_id`) VALUES (59, 59);
INSERT INTO `canciones_favoritas_usuarios` (`usuarios_id`, `canciones_id`) VALUES (60, 60);
INSERT INTO `canciones_favoritas_usuarios` (`usuarios_id`, `canciones_id`) VALUES (61, 61);
INSERT INTO `canciones_favoritas_usuarios` (`usuarios_id`, `canciones_id`) VALUES (62, 62);
INSERT INTO `canciones_favoritas_usuarios` (`usuarios_id`, `canciones_id`) VALUES (63, 63);
INSERT INTO `canciones_favoritas_usuarios` (`usuarios_id`, `canciones_id`) VALUES (64, 64);
INSERT INTO `canciones_favoritas_usuarios` (`usuarios_id`, `canciones_id`) VALUES (65, 65);
INSERT INTO `canciones_favoritas_usuarios` (`usuarios_id`, `canciones_id`) VALUES (66, 66);
INSERT INTO `canciones_favoritas_usuarios` (`usuarios_id`, `canciones_id`) VALUES (67, 67);
INSERT INTO `canciones_favoritas_usuarios` (`usuarios_id`, `canciones_id`) VALUES (68, 68);
INSERT INTO `canciones_favoritas_usuarios` (`usuarios_id`, `canciones_id`) VALUES (69, 69);
INSERT INTO `canciones_favoritas_usuarios` (`usuarios_id`, `canciones_id`) VALUES (70, 70);
INSERT INTO `canciones_favoritas_usuarios` (`usuarios_id`, `canciones_id`) VALUES (71, 71);
INSERT INTO `canciones_favoritas_usuarios` (`usuarios_id`, `canciones_id`) VALUES (72, 72);
INSERT INTO `canciones_favoritas_usuarios` (`usuarios_id`, `canciones_id`) VALUES (73, 73);
INSERT INTO `canciones_favoritas_usuarios` (`usuarios_id`, `canciones_id`) VALUES (74, 74);
INSERT INTO `canciones_favoritas_usuarios` (`usuarios_id`, `canciones_id`) VALUES (75, 75);
INSERT INTO `canciones_favoritas_usuarios` (`usuarios_id`, `canciones_id`) VALUES (76, 76);
INSERT INTO `canciones_favoritas_usuarios` (`usuarios_id`, `canciones_id`) VALUES (77, 77);
INSERT INTO `canciones_favoritas_usuarios` (`usuarios_id`, `canciones_id`) VALUES (78, 78);
INSERT INTO `canciones_favoritas_usuarios` (`usuarios_id`, `canciones_id`) VALUES (79, 79);
INSERT INTO `canciones_favoritas_usuarios` (`usuarios_id`, `canciones_id`) VALUES (80, 80);
INSERT INTO `canciones_favoritas_usuarios` (`usuarios_id`, `canciones_id`) VALUES (81, 81);
INSERT INTO `canciones_favoritas_usuarios` (`usuarios_id`, `canciones_id`) VALUES (82, 82);
INSERT INTO `canciones_favoritas_usuarios` (`usuarios_id`, `canciones_id`) VALUES (83, 83);
INSERT INTO `canciones_favoritas_usuarios` (`usuarios_id`, `canciones_id`) VALUES (84, 84);
INSERT INTO `canciones_favoritas_usuarios` (`usuarios_id`, `canciones_id`) VALUES (85, 85);
INSERT INTO `canciones_favoritas_usuarios` (`usuarios_id`, `canciones_id`) VALUES (86, 86);
INSERT INTO `canciones_favoritas_usuarios` (`usuarios_id`, `canciones_id`) VALUES (87, 87);
INSERT INTO `canciones_favoritas_usuarios` (`usuarios_id`, `canciones_id`) VALUES (88, 88);
INSERT INTO `canciones_favoritas_usuarios` (`usuarios_id`, `canciones_id`) VALUES (89, 89);
INSERT INTO `canciones_favoritas_usuarios` (`usuarios_id`, `canciones_id`) VALUES (90, 90);
INSERT INTO `canciones_favoritas_usuarios` (`usuarios_id`, `canciones_id`) VALUES (91, 91);
INSERT INTO `canciones_favoritas_usuarios` (`usuarios_id`, `canciones_id`) VALUES (92, 92);
INSERT INTO `canciones_favoritas_usuarios` (`usuarios_id`, `canciones_id`) VALUES (93, 93);
INSERT INTO `canciones_favoritas_usuarios` (`usuarios_id`, `canciones_id`) VALUES (94, 94);
INSERT INTO `canciones_favoritas_usuarios` (`usuarios_id`, `canciones_id`) VALUES (95, 95);
INSERT INTO `canciones_favoritas_usuarios` (`usuarios_id`, `canciones_id`) VALUES (96, 96);
INSERT INTO `canciones_favoritas_usuarios` (`usuarios_id`, `canciones_id`) VALUES (97, 97);
INSERT INTO `canciones_favoritas_usuarios` (`usuarios_id`, `canciones_id`) VALUES (98, 98);
INSERT INTO `canciones_favoritas_usuarios` (`usuarios_id`, `canciones_id`) VALUES (99, 99);
INSERT INTO `canciones_favoritas_usuarios` (`usuarios_id`, `canciones_id`) VALUES (100, 100);

INSERT INTO `cuentas_paypal` (`nombre_usuario_paypal`, `usuarios_id`) VALUES ('freida.mraz@yahoo.com', 1);
INSERT INTO `cuentas_paypal` (`nombre_usuario_paypal`, `usuarios_id`) VALUES ('gkautzer@yahoo.com', 2);
INSERT INTO `cuentas_paypal` (`nombre_usuario_paypal`, `usuarios_id`) VALUES ('estiedemann@hotmail.com', 3);
INSERT INTO `cuentas_paypal` (`nombre_usuario_paypal`, `usuarios_id`) VALUES ('qrosenbaum@hotmail.com', 4);
INSERT INTO `cuentas_paypal` (`nombre_usuario_paypal`, `usuarios_id`) VALUES ('farrell.kaleigh@gmail.com', 5);
INSERT INTO `cuentas_paypal` (`nombre_usuario_paypal`, `usuarios_id`) VALUES ('xheller@hotmail.com', 6);
INSERT INTO `cuentas_paypal` (`nombre_usuario_paypal`, `usuarios_id`) VALUES ('jenkins.corrine@yahoo.com', 7);
INSERT INTO `cuentas_paypal` (`nombre_usuario_paypal`, `usuarios_id`) VALUES ('rmertz@yahoo.com', 8);
INSERT INTO `cuentas_paypal` (`nombre_usuario_paypal`, `usuarios_id`) VALUES ('eschulist@hotmail.com', 9);
INSERT INTO `cuentas_paypal` (`nombre_usuario_paypal`, `usuarios_id`) VALUES ('lsporer@gmail.com', 10);
INSERT INTO `cuentas_paypal` (`nombre_usuario_paypal`, `usuarios_id`) VALUES ('vandervort.imogene@yahoo.com', 11);
INSERT INTO `cuentas_paypal` (`nombre_usuario_paypal`, `usuarios_id`) VALUES ('francesco.block@gmail.com', 12);
INSERT INTO `cuentas_paypal` (`nombre_usuario_paypal`, `usuarios_id`) VALUES ('claudie.emmerich@gmail.com', 13);
INSERT INTO `cuentas_paypal` (`nombre_usuario_paypal`, `usuarios_id`) VALUES ('jjenkins@yahoo.com', 14);
INSERT INTO `cuentas_paypal` (`nombre_usuario_paypal`, `usuarios_id`) VALUES ('jennyfer76@yahoo.com', 15);
INSERT INTO `cuentas_paypal` (`nombre_usuario_paypal`, `usuarios_id`) VALUES ('amacejkovic@gmail.com', 16);
INSERT INTO `cuentas_paypal` (`nombre_usuario_paypal`, `usuarios_id`) VALUES ('paul33@yahoo.com', 17);
INSERT INTO `cuentas_paypal` (`nombre_usuario_paypal`, `usuarios_id`) VALUES ('jessica00@gmail.com', 18);
INSERT INTO `cuentas_paypal` (`nombre_usuario_paypal`, `usuarios_id`) VALUES ('pablo.macejkovic@hotmail.com', 19);
INSERT INTO `cuentas_paypal` (`nombre_usuario_paypal`, `usuarios_id`) VALUES ('funk.sonya@hotmail.com', 20);
INSERT INTO `cuentas_paypal` (`nombre_usuario_paypal`, `usuarios_id`) VALUES ('tyra80@yahoo.com', 21);
INSERT INTO `cuentas_paypal` (`nombre_usuario_paypal`, `usuarios_id`) VALUES ('oanderson@gmail.com', 22);
INSERT INTO `cuentas_paypal` (`nombre_usuario_paypal`, `usuarios_id`) VALUES ('vida.leffler@yahoo.com', 23);
INSERT INTO `cuentas_paypal` (`nombre_usuario_paypal`, `usuarios_id`) VALUES ('xrau@gmail.com', 24);
INSERT INTO `cuentas_paypal` (`nombre_usuario_paypal`, `usuarios_id`) VALUES ('okuhic@hotmail.com', 25);
INSERT INTO `cuentas_paypal` (`nombre_usuario_paypal`, `usuarios_id`) VALUES ('sammy48@yahoo.com', 26);
INSERT INTO `cuentas_paypal` (`nombre_usuario_paypal`, `usuarios_id`) VALUES ('hand.joannie@yahoo.com', 27);
INSERT INTO `cuentas_paypal` (`nombre_usuario_paypal`, `usuarios_id`) VALUES ('myriam.welch@gmail.com', 28);
INSERT INTO `cuentas_paypal` (`nombre_usuario_paypal`, `usuarios_id`) VALUES ('hansen.marion@gmail.com', 29);
INSERT INTO `cuentas_paypal` (`nombre_usuario_paypal`, `usuarios_id`) VALUES ('bradly69@hotmail.com', 30);
INSERT INTO `cuentas_paypal` (`nombre_usuario_paypal`, `usuarios_id`) VALUES ('eliseo.labadie@gmail.com', 31);
INSERT INTO `cuentas_paypal` (`nombre_usuario_paypal`, `usuarios_id`) VALUES ('beryl.gottlieb@yahoo.com', 32);
INSERT INTO `cuentas_paypal` (`nombre_usuario_paypal`, `usuarios_id`) VALUES ('lherzog@yahoo.com', 33);
INSERT INTO `cuentas_paypal` (`nombre_usuario_paypal`, `usuarios_id`) VALUES ('maryjane.grady@gmail.com', 34);
INSERT INTO `cuentas_paypal` (`nombre_usuario_paypal`, `usuarios_id`) VALUES ('ryder.hyatt@gmail.com', 35);
INSERT INTO `cuentas_paypal` (`nombre_usuario_paypal`, `usuarios_id`) VALUES ('hwatsica@gmail.com', 36);
INSERT INTO `cuentas_paypal` (`nombre_usuario_paypal`, `usuarios_id`) VALUES ('junius15@yahoo.com', 37);
INSERT INTO `cuentas_paypal` (`nombre_usuario_paypal`, `usuarios_id`) VALUES ('bertrand.wilkinson@yahoo.com', 38);
INSERT INTO `cuentas_paypal` (`nombre_usuario_paypal`, `usuarios_id`) VALUES ('ernser.christiana@yahoo.com', 39);
INSERT INTO `cuentas_paypal` (`nombre_usuario_paypal`, `usuarios_id`) VALUES ('cbartoletti@yahoo.com', 40);
INSERT INTO `cuentas_paypal` (`nombre_usuario_paypal`, `usuarios_id`) VALUES ('odessa.farrell@yahoo.com', 41);
INSERT INTO `cuentas_paypal` (`nombre_usuario_paypal`, `usuarios_id`) VALUES ('kautzer.gertrude@gmail.com', 42);
INSERT INTO `cuentas_paypal` (`nombre_usuario_paypal`, `usuarios_id`) VALUES ('marvin.frida@gmail.com', 43);
INSERT INTO `cuentas_paypal` (`nombre_usuario_paypal`, `usuarios_id`) VALUES ('stanton17@hotmail.com', 44);
INSERT INTO `cuentas_paypal` (`nombre_usuario_paypal`, `usuarios_id`) VALUES ('mhettinger@gmail.com', 45);
INSERT INTO `cuentas_paypal` (`nombre_usuario_paypal`, `usuarios_id`) VALUES ('lenore37@gmail.com', 46);
INSERT INTO `cuentas_paypal` (`nombre_usuario_paypal`, `usuarios_id`) VALUES ('predovic.johathan@hotmail.com', 47);
INSERT INTO `cuentas_paypal` (`nombre_usuario_paypal`, `usuarios_id`) VALUES ('ettie73@gmail.com', 48);
INSERT INTO `cuentas_paypal` (`nombre_usuario_paypal`, `usuarios_id`) VALUES ('dalton68@gmail.com', 49);
INSERT INTO `cuentas_paypal` (`nombre_usuario_paypal`, `usuarios_id`) VALUES ('xcole@yahoo.com', 50);
INSERT INTO `cuentas_paypal` (`nombre_usuario_paypal`, `usuarios_id`) VALUES ('heller.maudie@hotmail.com', 51);
INSERT INTO `cuentas_paypal` (`nombre_usuario_paypal`, `usuarios_id`) VALUES ('zkohler@yahoo.com', 52);
INSERT INTO `cuentas_paypal` (`nombre_usuario_paypal`, `usuarios_id`) VALUES ('ustehr@yahoo.com', 53);
INSERT INTO `cuentas_paypal` (`nombre_usuario_paypal`, `usuarios_id`) VALUES ('zfadel@gmail.com', 54);
INSERT INTO `cuentas_paypal` (`nombre_usuario_paypal`, `usuarios_id`) VALUES ('brenna.mosciski@hotmail.com', 55);
INSERT INTO `cuentas_paypal` (`nombre_usuario_paypal`, `usuarios_id`) VALUES ('morar.maximilian@hotmail.com', 56);
INSERT INTO `cuentas_paypal` (`nombre_usuario_paypal`, `usuarios_id`) VALUES ('idurgan@gmail.com', 57);
INSERT INTO `cuentas_paypal` (`nombre_usuario_paypal`, `usuarios_id`) VALUES ('dorothy.d''amore@hotmail.com', 58);
INSERT INTO `cuentas_paypal` (`nombre_usuario_paypal`, `usuarios_id`) VALUES ('jdicki@gmail.com', 59);
INSERT INTO `cuentas_paypal` (`nombre_usuario_paypal`, `usuarios_id`) VALUES ('luis.hammes@yahoo.com', 60);
INSERT INTO `cuentas_paypal` (`nombre_usuario_paypal`, `usuarios_id`) VALUES ('icruickshank@yahoo.com', 61);
INSERT INTO `cuentas_paypal` (`nombre_usuario_paypal`, `usuarios_id`) VALUES ('mdietrich@gmail.com', 62);
INSERT INTO `cuentas_paypal` (`nombre_usuario_paypal`, `usuarios_id`) VALUES ('zschoen@yahoo.com', 63);
INSERT INTO `cuentas_paypal` (`nombre_usuario_paypal`, `usuarios_id`) VALUES ('friesen.phyllis@yahoo.com', 64);
INSERT INTO `cuentas_paypal` (`nombre_usuario_paypal`, `usuarios_id`) VALUES ('xavier85@yahoo.com', 65);
INSERT INTO `cuentas_paypal` (`nombre_usuario_paypal`, `usuarios_id`) VALUES ('mozell75@gmail.com', 66);
INSERT INTO `cuentas_paypal` (`nombre_usuario_paypal`, `usuarios_id`) VALUES ('pernser@gmail.com', 67);
INSERT INTO `cuentas_paypal` (`nombre_usuario_paypal`, `usuarios_id`) VALUES ('gloria.ryan@gmail.com', 68);
INSERT INTO `cuentas_paypal` (`nombre_usuario_paypal`, `usuarios_id`) VALUES ('brando.keeling@hotmail.com', 69);
INSERT INTO `cuentas_paypal` (`nombre_usuario_paypal`, `usuarios_id`) VALUES ('ola.stanton@gmail.com', 70);
INSERT INTO `cuentas_paypal` (`nombre_usuario_paypal`, `usuarios_id`) VALUES ('abel86@yahoo.com', 71);
INSERT INTO `cuentas_paypal` (`nombre_usuario_paypal`, `usuarios_id`) VALUES ('lkemmer@hotmail.com', 72);
INSERT INTO `cuentas_paypal` (`nombre_usuario_paypal`, `usuarios_id`) VALUES ('delbert.satterfield@hotmail.com', 73);
INSERT INTO `cuentas_paypal` (`nombre_usuario_paypal`, `usuarios_id`) VALUES ('claire41@hotmail.com', 74);
INSERT INTO `cuentas_paypal` (`nombre_usuario_paypal`, `usuarios_id`) VALUES ('madelyn02@yahoo.com', 75);
INSERT INTO `cuentas_paypal` (`nombre_usuario_paypal`, `usuarios_id`) VALUES ('rpfannerstill@gmail.com', 76);
INSERT INTO `cuentas_paypal` (`nombre_usuario_paypal`, `usuarios_id`) VALUES ('lpredovic@hotmail.com', 77);
INSERT INTO `cuentas_paypal` (`nombre_usuario_paypal`, `usuarios_id`) VALUES ('leta.hamill@hotmail.com', 78);
INSERT INTO `cuentas_paypal` (`nombre_usuario_paypal`, `usuarios_id`) VALUES ('chloe.cruickshank@yahoo.com', 79);
INSERT INTO `cuentas_paypal` (`nombre_usuario_paypal`, `usuarios_id`) VALUES ('anader@yahoo.com', 80);
INSERT INTO `cuentas_paypal` (`nombre_usuario_paypal`, `usuarios_id`) VALUES ('sedrick.kerluke@yahoo.com', 81);
INSERT INTO `cuentas_paypal` (`nombre_usuario_paypal`, `usuarios_id`) VALUES ('doyle.zulauf@hotmail.com', 82);
INSERT INTO `cuentas_paypal` (`nombre_usuario_paypal`, `usuarios_id`) VALUES ('larissa35@hotmail.com', 83);
INSERT INTO `cuentas_paypal` (`nombre_usuario_paypal`, `usuarios_id`) VALUES ('mauricio.grady@hotmail.com', 84);
INSERT INTO `cuentas_paypal` (`nombre_usuario_paypal`, `usuarios_id`) VALUES ('roosevelt48@gmail.com', 85);
INSERT INTO `cuentas_paypal` (`nombre_usuario_paypal`, `usuarios_id`) VALUES ('mraz.kaya@yahoo.com', 86);
INSERT INTO `cuentas_paypal` (`nombre_usuario_paypal`, `usuarios_id`) VALUES ('kennith.graham@yahoo.com', 87);
INSERT INTO `cuentas_paypal` (`nombre_usuario_paypal`, `usuarios_id`) VALUES ('armand91@gmail.com', 88);
INSERT INTO `cuentas_paypal` (`nombre_usuario_paypal`, `usuarios_id`) VALUES ('macejkovic.liliane@yahoo.com', 89);
INSERT INTO `cuentas_paypal` (`nombre_usuario_paypal`, `usuarios_id`) VALUES ('jo''reilly@hotmail.com', 90);
INSERT INTO `cuentas_paypal` (`nombre_usuario_paypal`, `usuarios_id`) VALUES ('rippin.rex@gmail.com', 91);
INSERT INTO `cuentas_paypal` (`nombre_usuario_paypal`, `usuarios_id`) VALUES ('breana30@yahoo.com', 92);
INSERT INTO `cuentas_paypal` (`nombre_usuario_paypal`, `usuarios_id`) VALUES ('bbarrows@yahoo.com', 93);
INSERT INTO `cuentas_paypal` (`nombre_usuario_paypal`, `usuarios_id`) VALUES ('herman.joanny@hotmail.com', 94);
INSERT INTO `cuentas_paypal` (`nombre_usuario_paypal`, `usuarios_id`) VALUES ('nash28@yahoo.com', 95);
INSERT INTO `cuentas_paypal` (`nombre_usuario_paypal`, `usuarios_id`) VALUES ('darron82@yahoo.com', 96);
INSERT INTO `cuentas_paypal` (`nombre_usuario_paypal`, `usuarios_id`) VALUES ('zfeest@yahoo.com', 97);
INSERT INTO `cuentas_paypal` (`nombre_usuario_paypal`, `usuarios_id`) VALUES ('vandervort.maymie@gmail.com', 98);
INSERT INTO `cuentas_paypal` (`nombre_usuario_paypal`, `usuarios_id`) VALUES ('isaac82@yahoo.com', 99);
INSERT INTO `cuentas_paypal` (`nombre_usuario_paypal`, `usuarios_id`) VALUES ('estehr@hotmail.com', 100);

INSERT INTO `open_playlists_has_canciones_and_usuarios` (`playlists_id`, `canciones_id`, `usuarios_id`, `fecha`) VALUES (1, 1, 1, '2020-05-22 02:39:02');
INSERT INTO `open_playlists_has_canciones_and_usuarios` (`playlists_id`, `canciones_id`, `usuarios_id`, `fecha`) VALUES (2, 2, 2, '1988-12-27 15:35:18');
INSERT INTO `open_playlists_has_canciones_and_usuarios` (`playlists_id`, `canciones_id`, `usuarios_id`, `fecha`) VALUES (3, 3, 3, '1983-06-08 00:38:20');
INSERT INTO `open_playlists_has_canciones_and_usuarios` (`playlists_id`, `canciones_id`, `usuarios_id`, `fecha`) VALUES (4, 4, 4, '2006-04-15 14:46:48');
INSERT INTO `open_playlists_has_canciones_and_usuarios` (`playlists_id`, `canciones_id`, `usuarios_id`, `fecha`) VALUES (5, 5, 5, '1986-03-04 18:48:19');
INSERT INTO `open_playlists_has_canciones_and_usuarios` (`playlists_id`, `canciones_id`, `usuarios_id`, `fecha`) VALUES (6, 6, 6, '2003-07-26 23:02:30');
INSERT INTO `open_playlists_has_canciones_and_usuarios` (`playlists_id`, `canciones_id`, `usuarios_id`, `fecha`) VALUES (7, 7, 7, '1985-09-12 16:00:39');
INSERT INTO `open_playlists_has_canciones_and_usuarios` (`playlists_id`, `canciones_id`, `usuarios_id`, `fecha`) VALUES (8, 8, 8, '1978-12-17 21:48:30');
INSERT INTO `open_playlists_has_canciones_and_usuarios` (`playlists_id`, `canciones_id`, `usuarios_id`, `fecha`) VALUES (9, 9, 9, '2004-04-22 12:37:12');
INSERT INTO `open_playlists_has_canciones_and_usuarios` (`playlists_id`, `canciones_id`, `usuarios_id`, `fecha`) VALUES (10, 10, 10, '1978-06-19 00:06:55');
INSERT INTO `open_playlists_has_canciones_and_usuarios` (`playlists_id`, `canciones_id`, `usuarios_id`, `fecha`) VALUES (11, 11, 11, '1980-11-25 10:49:13');
INSERT INTO `open_playlists_has_canciones_and_usuarios` (`playlists_id`, `canciones_id`, `usuarios_id`, `fecha`) VALUES (12, 12, 12, '1981-10-23 03:30:35');
INSERT INTO `open_playlists_has_canciones_and_usuarios` (`playlists_id`, `canciones_id`, `usuarios_id`, `fecha`) VALUES (13, 13, 13, '1982-04-08 05:05:41');
INSERT INTO `open_playlists_has_canciones_and_usuarios` (`playlists_id`, `canciones_id`, `usuarios_id`, `fecha`) VALUES (14, 14, 14, '1980-04-14 03:21:21');
INSERT INTO `open_playlists_has_canciones_and_usuarios` (`playlists_id`, `canciones_id`, `usuarios_id`, `fecha`) VALUES (15, 15, 15, '2014-09-07 19:49:02');
INSERT INTO `open_playlists_has_canciones_and_usuarios` (`playlists_id`, `canciones_id`, `usuarios_id`, `fecha`) VALUES (16, 16, 16, '2003-04-23 13:34:16');
INSERT INTO `open_playlists_has_canciones_and_usuarios` (`playlists_id`, `canciones_id`, `usuarios_id`, `fecha`) VALUES (17, 17, 17, '1978-03-20 05:17:32');
INSERT INTO `open_playlists_has_canciones_and_usuarios` (`playlists_id`, `canciones_id`, `usuarios_id`, `fecha`) VALUES (18, 18, 18, '1982-05-11 04:58:41');
INSERT INTO `open_playlists_has_canciones_and_usuarios` (`playlists_id`, `canciones_id`, `usuarios_id`, `fecha`) VALUES (19, 19, 19, '2001-04-29 12:53:29');
INSERT INTO `open_playlists_has_canciones_and_usuarios` (`playlists_id`, `canciones_id`, `usuarios_id`, `fecha`) VALUES (20, 20, 20, '1980-02-22 04:22:45');
INSERT INTO `open_playlists_has_canciones_and_usuarios` (`playlists_id`, `canciones_id`, `usuarios_id`, `fecha`) VALUES (21, 21, 21, '1974-01-29 15:35:33');
INSERT INTO `open_playlists_has_canciones_and_usuarios` (`playlists_id`, `canciones_id`, `usuarios_id`, `fecha`) VALUES (22, 22, 22, '2021-04-17 03:43:54');
INSERT INTO `open_playlists_has_canciones_and_usuarios` (`playlists_id`, `canciones_id`, `usuarios_id`, `fecha`) VALUES (23, 23, 23, '2019-03-21 05:39:14');
INSERT INTO `open_playlists_has_canciones_and_usuarios` (`playlists_id`, `canciones_id`, `usuarios_id`, `fecha`) VALUES (24, 24, 24, '1983-11-16 12:56:16');
INSERT INTO `open_playlists_has_canciones_and_usuarios` (`playlists_id`, `canciones_id`, `usuarios_id`, `fecha`) VALUES (25, 25, 25, '2005-04-14 11:44:22');
INSERT INTO `open_playlists_has_canciones_and_usuarios` (`playlists_id`, `canciones_id`, `usuarios_id`, `fecha`) VALUES (26, 26, 26, '1997-07-22 08:18:47');
INSERT INTO `open_playlists_has_canciones_and_usuarios` (`playlists_id`, `canciones_id`, `usuarios_id`, `fecha`) VALUES (27, 27, 27, '2005-11-12 08:12:40');
INSERT INTO `open_playlists_has_canciones_and_usuarios` (`playlists_id`, `canciones_id`, `usuarios_id`, `fecha`) VALUES (28, 28, 28, '2007-01-30 18:31:15');
INSERT INTO `open_playlists_has_canciones_and_usuarios` (`playlists_id`, `canciones_id`, `usuarios_id`, `fecha`) VALUES (29, 29, 29, '2008-02-02 20:18:05');
INSERT INTO `open_playlists_has_canciones_and_usuarios` (`playlists_id`, `canciones_id`, `usuarios_id`, `fecha`) VALUES (30, 30, 30, '2017-04-09 22:22:41');
INSERT INTO `open_playlists_has_canciones_and_usuarios` (`playlists_id`, `canciones_id`, `usuarios_id`, `fecha`) VALUES (31, 31, 31, '1989-03-17 20:04:17');
INSERT INTO `open_playlists_has_canciones_and_usuarios` (`playlists_id`, `canciones_id`, `usuarios_id`, `fecha`) VALUES (32, 32, 32, '2011-07-08 01:49:12');
INSERT INTO `open_playlists_has_canciones_and_usuarios` (`playlists_id`, `canciones_id`, `usuarios_id`, `fecha`) VALUES (33, 33, 33, '2011-05-25 21:19:19');
INSERT INTO `open_playlists_has_canciones_and_usuarios` (`playlists_id`, `canciones_id`, `usuarios_id`, `fecha`) VALUES (34, 34, 34, '1974-06-05 22:29:59');
INSERT INTO `open_playlists_has_canciones_and_usuarios` (`playlists_id`, `canciones_id`, `usuarios_id`, `fecha`) VALUES (35, 35, 35, '2002-10-06 07:47:23');
INSERT INTO `open_playlists_has_canciones_and_usuarios` (`playlists_id`, `canciones_id`, `usuarios_id`, `fecha`) VALUES (36, 36, 36, '2013-04-04 17:18:10');
INSERT INTO `open_playlists_has_canciones_and_usuarios` (`playlists_id`, `canciones_id`, `usuarios_id`, `fecha`) VALUES (37, 37, 37, '1978-09-15 21:00:02');
INSERT INTO `open_playlists_has_canciones_and_usuarios` (`playlists_id`, `canciones_id`, `usuarios_id`, `fecha`) VALUES (38, 38, 38, '2004-10-17 19:51:47');
INSERT INTO `open_playlists_has_canciones_and_usuarios` (`playlists_id`, `canciones_id`, `usuarios_id`, `fecha`) VALUES (39, 39, 39, '1980-04-05 04:34:34');
INSERT INTO `open_playlists_has_canciones_and_usuarios` (`playlists_id`, `canciones_id`, `usuarios_id`, `fecha`) VALUES (40, 40, 40, '1992-07-05 09:06:33');
INSERT INTO `open_playlists_has_canciones_and_usuarios` (`playlists_id`, `canciones_id`, `usuarios_id`, `fecha`) VALUES (41, 41, 41, '2003-11-10 03:51:47');
INSERT INTO `open_playlists_has_canciones_and_usuarios` (`playlists_id`, `canciones_id`, `usuarios_id`, `fecha`) VALUES (42, 42, 42, '2019-08-06 06:42:53');
INSERT INTO `open_playlists_has_canciones_and_usuarios` (`playlists_id`, `canciones_id`, `usuarios_id`, `fecha`) VALUES (43, 43, 43, '1985-07-09 16:08:58');
INSERT INTO `open_playlists_has_canciones_and_usuarios` (`playlists_id`, `canciones_id`, `usuarios_id`, `fecha`) VALUES (44, 44, 44, '1996-08-02 09:07:02');
INSERT INTO `open_playlists_has_canciones_and_usuarios` (`playlists_id`, `canciones_id`, `usuarios_id`, `fecha`) VALUES (45, 45, 45, '1970-10-02 11:19:30');
INSERT INTO `open_playlists_has_canciones_and_usuarios` (`playlists_id`, `canciones_id`, `usuarios_id`, `fecha`) VALUES (46, 46, 46, '2018-08-19 17:52:05');
INSERT INTO `open_playlists_has_canciones_and_usuarios` (`playlists_id`, `canciones_id`, `usuarios_id`, `fecha`) VALUES (47, 47, 47, '1971-07-21 01:33:48');
INSERT INTO `open_playlists_has_canciones_and_usuarios` (`playlists_id`, `canciones_id`, `usuarios_id`, `fecha`) VALUES (48, 48, 48, '2003-02-24 06:13:34');
INSERT INTO `open_playlists_has_canciones_and_usuarios` (`playlists_id`, `canciones_id`, `usuarios_id`, `fecha`) VALUES (49, 49, 49, '2019-04-24 09:54:43');
INSERT INTO `open_playlists_has_canciones_and_usuarios` (`playlists_id`, `canciones_id`, `usuarios_id`, `fecha`) VALUES (50, 50, 50, '1973-09-21 08:40:59');
INSERT INTO `open_playlists_has_canciones_and_usuarios` (`playlists_id`, `canciones_id`, `usuarios_id`, `fecha`) VALUES (51, 51, 51, '1987-04-04 13:17:15');
INSERT INTO `open_playlists_has_canciones_and_usuarios` (`playlists_id`, `canciones_id`, `usuarios_id`, `fecha`) VALUES (52, 52, 52, '2002-10-14 17:14:17');
INSERT INTO `open_playlists_has_canciones_and_usuarios` (`playlists_id`, `canciones_id`, `usuarios_id`, `fecha`) VALUES (53, 53, 53, '2008-06-02 01:46:35');
INSERT INTO `open_playlists_has_canciones_and_usuarios` (`playlists_id`, `canciones_id`, `usuarios_id`, `fecha`) VALUES (54, 54, 54, '2001-01-05 20:17:56');
INSERT INTO `open_playlists_has_canciones_and_usuarios` (`playlists_id`, `canciones_id`, `usuarios_id`, `fecha`) VALUES (55, 55, 55, '1983-08-21 23:53:28');
INSERT INTO `open_playlists_has_canciones_and_usuarios` (`playlists_id`, `canciones_id`, `usuarios_id`, `fecha`) VALUES (56, 56, 56, '2006-10-07 22:17:08');
INSERT INTO `open_playlists_has_canciones_and_usuarios` (`playlists_id`, `canciones_id`, `usuarios_id`, `fecha`) VALUES (57, 57, 57, '2004-11-27 22:15:41');
INSERT INTO `open_playlists_has_canciones_and_usuarios` (`playlists_id`, `canciones_id`, `usuarios_id`, `fecha`) VALUES (58, 58, 58, '1970-02-03 16:24:00');
INSERT INTO `open_playlists_has_canciones_and_usuarios` (`playlists_id`, `canciones_id`, `usuarios_id`, `fecha`) VALUES (59, 59, 59, '1994-12-31 08:28:02');
INSERT INTO `open_playlists_has_canciones_and_usuarios` (`playlists_id`, `canciones_id`, `usuarios_id`, `fecha`) VALUES (60, 60, 60, '1971-10-20 14:28:43');
INSERT INTO `open_playlists_has_canciones_and_usuarios` (`playlists_id`, `canciones_id`, `usuarios_id`, `fecha`) VALUES (61, 61, 61, '2002-05-05 21:04:41');
INSERT INTO `open_playlists_has_canciones_and_usuarios` (`playlists_id`, `canciones_id`, `usuarios_id`, `fecha`) VALUES (62, 62, 62, '1988-02-26 01:00:07');
INSERT INTO `open_playlists_has_canciones_and_usuarios` (`playlists_id`, `canciones_id`, `usuarios_id`, `fecha`) VALUES (63, 63, 63, '2003-05-02 19:11:31');
INSERT INTO `open_playlists_has_canciones_and_usuarios` (`playlists_id`, `canciones_id`, `usuarios_id`, `fecha`) VALUES (64, 64, 64, '1975-12-31 08:38:18');
INSERT INTO `open_playlists_has_canciones_and_usuarios` (`playlists_id`, `canciones_id`, `usuarios_id`, `fecha`) VALUES (65, 65, 65, '2018-12-02 22:57:57');
INSERT INTO `open_playlists_has_canciones_and_usuarios` (`playlists_id`, `canciones_id`, `usuarios_id`, `fecha`) VALUES (66, 66, 66, '2012-06-19 09:11:36');
INSERT INTO `open_playlists_has_canciones_and_usuarios` (`playlists_id`, `canciones_id`, `usuarios_id`, `fecha`) VALUES (67, 67, 67, '2022-03-21 18:55:57');
INSERT INTO `open_playlists_has_canciones_and_usuarios` (`playlists_id`, `canciones_id`, `usuarios_id`, `fecha`) VALUES (68, 68, 68, '2008-02-06 22:04:09');
INSERT INTO `open_playlists_has_canciones_and_usuarios` (`playlists_id`, `canciones_id`, `usuarios_id`, `fecha`) VALUES (69, 69, 69, '1987-08-20 04:25:24');
INSERT INTO `open_playlists_has_canciones_and_usuarios` (`playlists_id`, `canciones_id`, `usuarios_id`, `fecha`) VALUES (70, 70, 70, '1976-09-29 05:07:07');
INSERT INTO `open_playlists_has_canciones_and_usuarios` (`playlists_id`, `canciones_id`, `usuarios_id`, `fecha`) VALUES (71, 71, 71, '2003-02-07 18:20:58');
INSERT INTO `open_playlists_has_canciones_and_usuarios` (`playlists_id`, `canciones_id`, `usuarios_id`, `fecha`) VALUES (72, 72, 72, '1986-05-30 02:45:26');
INSERT INTO `open_playlists_has_canciones_and_usuarios` (`playlists_id`, `canciones_id`, `usuarios_id`, `fecha`) VALUES (73, 73, 73, '2008-05-02 08:19:13');
INSERT INTO `open_playlists_has_canciones_and_usuarios` (`playlists_id`, `canciones_id`, `usuarios_id`, `fecha`) VALUES (74, 74, 74, '1987-03-29 11:42:44');
INSERT INTO `open_playlists_has_canciones_and_usuarios` (`playlists_id`, `canciones_id`, `usuarios_id`, `fecha`) VALUES (75, 75, 75, '2003-06-06 00:40:02');
INSERT INTO `open_playlists_has_canciones_and_usuarios` (`playlists_id`, `canciones_id`, `usuarios_id`, `fecha`) VALUES (76, 76, 76, '2009-08-04 10:37:08');
INSERT INTO `open_playlists_has_canciones_and_usuarios` (`playlists_id`, `canciones_id`, `usuarios_id`, `fecha`) VALUES (77, 77, 77, '1996-03-06 06:25:20');
INSERT INTO `open_playlists_has_canciones_and_usuarios` (`playlists_id`, `canciones_id`, `usuarios_id`, `fecha`) VALUES (78, 78, 78, '1990-03-17 07:57:00');
INSERT INTO `open_playlists_has_canciones_and_usuarios` (`playlists_id`, `canciones_id`, `usuarios_id`, `fecha`) VALUES (79, 79, 79, '1979-08-22 14:16:35');
INSERT INTO `open_playlists_has_canciones_and_usuarios` (`playlists_id`, `canciones_id`, `usuarios_id`, `fecha`) VALUES (80, 80, 80, '2017-08-15 15:17:13');
INSERT INTO `open_playlists_has_canciones_and_usuarios` (`playlists_id`, `canciones_id`, `usuarios_id`, `fecha`) VALUES (81, 81, 81, '1981-08-28 22:45:03');
INSERT INTO `open_playlists_has_canciones_and_usuarios` (`playlists_id`, `canciones_id`, `usuarios_id`, `fecha`) VALUES (82, 82, 82, '1994-11-20 04:34:34');
INSERT INTO `open_playlists_has_canciones_and_usuarios` (`playlists_id`, `canciones_id`, `usuarios_id`, `fecha`) VALUES (83, 83, 83, '1974-11-08 05:58:39');
INSERT INTO `open_playlists_has_canciones_and_usuarios` (`playlists_id`, `canciones_id`, `usuarios_id`, `fecha`) VALUES (84, 84, 84, '2015-03-17 16:02:11');
INSERT INTO `open_playlists_has_canciones_and_usuarios` (`playlists_id`, `canciones_id`, `usuarios_id`, `fecha`) VALUES (85, 85, 85, '2015-12-07 03:01:51');
INSERT INTO `open_playlists_has_canciones_and_usuarios` (`playlists_id`, `canciones_id`, `usuarios_id`, `fecha`) VALUES (86, 86, 86, '1993-01-13 16:03:29');
INSERT INTO `open_playlists_has_canciones_and_usuarios` (`playlists_id`, `canciones_id`, `usuarios_id`, `fecha`) VALUES (87, 87, 87, '1988-07-02 07:31:10');
INSERT INTO `open_playlists_has_canciones_and_usuarios` (`playlists_id`, `canciones_id`, `usuarios_id`, `fecha`) VALUES (88, 88, 88, '1994-11-15 15:16:37');
INSERT INTO `open_playlists_has_canciones_and_usuarios` (`playlists_id`, `canciones_id`, `usuarios_id`, `fecha`) VALUES (89, 89, 89, '2018-07-04 17:20:52');
INSERT INTO `open_playlists_has_canciones_and_usuarios` (`playlists_id`, `canciones_id`, `usuarios_id`, `fecha`) VALUES (90, 90, 90, '1970-05-13 12:10:03');
INSERT INTO `open_playlists_has_canciones_and_usuarios` (`playlists_id`, `canciones_id`, `usuarios_id`, `fecha`) VALUES (91, 91, 91, '2015-12-03 11:05:03');
INSERT INTO `open_playlists_has_canciones_and_usuarios` (`playlists_id`, `canciones_id`, `usuarios_id`, `fecha`) VALUES (92, 92, 92, '1979-02-06 21:04:09');
INSERT INTO `open_playlists_has_canciones_and_usuarios` (`playlists_id`, `canciones_id`, `usuarios_id`, `fecha`) VALUES (93, 93, 93, '1984-01-13 10:12:14');
INSERT INTO `open_playlists_has_canciones_and_usuarios` (`playlists_id`, `canciones_id`, `usuarios_id`, `fecha`) VALUES (94, 94, 94, '1987-06-29 21:23:10');
INSERT INTO `open_playlists_has_canciones_and_usuarios` (`playlists_id`, `canciones_id`, `usuarios_id`, `fecha`) VALUES (95, 95, 95, '1972-07-20 03:04:40');
INSERT INTO `open_playlists_has_canciones_and_usuarios` (`playlists_id`, `canciones_id`, `usuarios_id`, `fecha`) VALUES (96, 96, 96, '1979-10-15 01:46:14');
INSERT INTO `open_playlists_has_canciones_and_usuarios` (`playlists_id`, `canciones_id`, `usuarios_id`, `fecha`) VALUES (97, 97, 97, '1980-06-02 18:03:14');
INSERT INTO `open_playlists_has_canciones_and_usuarios` (`playlists_id`, `canciones_id`, `usuarios_id`, `fecha`) VALUES (98, 98, 98, '1995-10-13 11:30:22');
INSERT INTO `open_playlists_has_canciones_and_usuarios` (`playlists_id`, `canciones_id`, `usuarios_id`, `fecha`) VALUES (99, 99, 99, '1992-07-09 10:22:02');
INSERT INTO `open_playlists_has_canciones_and_usuarios` (`playlists_id`, `canciones_id`, `usuarios_id`, `fecha`) VALUES (100, 100, 100, '1997-02-23 23:58:26');

INSERT INTO `pagos` (`numero_orden`, `fecha`, `total`, `usuarios_premium_id`) VALUES (0, '2003-12-17', '45', 6);
INSERT INTO `pagos` (`numero_orden`, `fecha`, `total`, `usuarios_premium_id`) VALUES (2, '2006-02-24', '32', 60);
INSERT INTO `pagos` (`numero_orden`, `fecha`, `total`, `usuarios_premium_id`) VALUES (3, '2010-08-28', '21', 76);
INSERT INTO `pagos` (`numero_orden`, `fecha`, `total`, `usuarios_premium_id`) VALUES (4, '1977-01-01', '11', 67);
INSERT INTO `pagos` (`numero_orden`, `fecha`, `total`, `usuarios_premium_id`) VALUES (5, '1987-09-14', '20', 45);
INSERT INTO `pagos` (`numero_orden`, `fecha`, `total`, `usuarios_premium_id`) VALUES (6, '1992-11-01', '36', 14);
INSERT INTO `pagos` (`numero_orden`, `fecha`, `total`, `usuarios_premium_id`) VALUES (15, '2004-12-10', '22', 93);
INSERT INTO `pagos` (`numero_orden`, `fecha`, `total`, `usuarios_premium_id`) VALUES (16, '2011-01-05', '21', 27);
INSERT INTO `pagos` (`numero_orden`, `fecha`, `total`, `usuarios_premium_id`) VALUES (22, '1993-11-18', '21', 1);
INSERT INTO `pagos` (`numero_orden`, `fecha`, `total`, `usuarios_premium_id`) VALUES (25, '2019-04-25', '13', 5);
INSERT INTO `pagos` (`numero_orden`, `fecha`, `total`, `usuarios_premium_id`) VALUES (26, '2001-10-05', '47', 37);
INSERT INTO `pagos` (`numero_orden`, `fecha`, `total`, `usuarios_premium_id`) VALUES (31, '2000-01-23', '42', 25);
INSERT INTO `pagos` (`numero_orden`, `fecha`, `total`, `usuarios_premium_id`) VALUES (32, '2010-04-23', '29', 94);
INSERT INTO `pagos` (`numero_orden`, `fecha`, `total`, `usuarios_premium_id`) VALUES (56, '2001-06-03', '26', 72);
INSERT INTO `pagos` (`numero_orden`, `fecha`, `total`, `usuarios_premium_id`) VALUES (87, '1976-01-01', '27', 61);
INSERT INTO `pagos` (`numero_orden`, `fecha`, `total`, `usuarios_premium_id`) VALUES (96, '2013-03-28', '41', 7);
INSERT INTO `pagos` (`numero_orden`, `fecha`, `total`, `usuarios_premium_id`) VALUES (98, '2022-01-04', '12', 33);
INSERT INTO `pagos` (`numero_orden`, `fecha`, `total`, `usuarios_premium_id`) VALUES (125, '1986-05-07', '42', 91);
INSERT INTO `pagos` (`numero_orden`, `fecha`, `total`, `usuarios_premium_id`) VALUES (232, '1996-08-08', '38', 62);
INSERT INTO `pagos` (`numero_orden`, `fecha`, `total`, `usuarios_premium_id`) VALUES (289, '1992-07-25', '50', 8);
INSERT INTO `pagos` (`numero_orden`, `fecha`, `total`, `usuarios_premium_id`) VALUES (402, '1971-02-05', '22', 89);
INSERT INTO `pagos` (`numero_orden`, `fecha`, `total`, `usuarios_premium_id`) VALUES (413, '2011-01-05', '28', 41);
INSERT INTO `pagos` (`numero_orden`, `fecha`, `total`, `usuarios_premium_id`) VALUES (417, '1976-11-17', '25', 98);
INSERT INTO `pagos` (`numero_orden`, `fecha`, `total`, `usuarios_premium_id`) VALUES (426, '1997-01-08', '37', 83);
INSERT INTO `pagos` (`numero_orden`, `fecha`, `total`, `usuarios_premium_id`) VALUES (539, '1988-01-22', '13', 20);
INSERT INTO `pagos` (`numero_orden`, `fecha`, `total`, `usuarios_premium_id`) VALUES (775, '2015-12-26', '44', 90);
INSERT INTO `pagos` (`numero_orden`, `fecha`, `total`, `usuarios_premium_id`) VALUES (785, '2016-08-20', '37', 12);
INSERT INTO `pagos` (`numero_orden`, `fecha`, `total`, `usuarios_premium_id`) VALUES (887, '1990-06-03', '18', 9);
INSERT INTO `pagos` (`numero_orden`, `fecha`, `total`, `usuarios_premium_id`) VALUES (982, '2011-12-18', '20', 54);
INSERT INTO `pagos` (`numero_orden`, `fecha`, `total`, `usuarios_premium_id`) VALUES (1327, '2008-04-15', '27', 38);
INSERT INTO `pagos` (`numero_orden`, `fecha`, `total`, `usuarios_premium_id`) VALUES (1873, '1990-07-30', '15', 59);
INSERT INTO `pagos` (`numero_orden`, `fecha`, `total`, `usuarios_premium_id`) VALUES (2881, '1976-01-19', '47', 30);
INSERT INTO `pagos` (`numero_orden`, `fecha`, `total`, `usuarios_premium_id`) VALUES (3067, '1988-06-22', '18', 51);
INSERT INTO `pagos` (`numero_orden`, `fecha`, `total`, `usuarios_premium_id`) VALUES (5331, '1975-03-01', '45', 26);
INSERT INTO `pagos` (`numero_orden`, `fecha`, `total`, `usuarios_premium_id`) VALUES (5996, '1996-09-06', '31', 3);
INSERT INTO `pagos` (`numero_orden`, `fecha`, `total`, `usuarios_premium_id`) VALUES (6930, '2010-11-08', '10', 23);
INSERT INTO `pagos` (`numero_orden`, `fecha`, `total`, `usuarios_premium_id`) VALUES (7370, '2012-02-16', '44', 97);
INSERT INTO `pagos` (`numero_orden`, `fecha`, `total`, `usuarios_premium_id`) VALUES (7859, '2007-08-13', '22', 80);
INSERT INTO `pagos` (`numero_orden`, `fecha`, `total`, `usuarios_premium_id`) VALUES (8984, '1973-09-11', '13', 99);
INSERT INTO `pagos` (`numero_orden`, `fecha`, `total`, `usuarios_premium_id`) VALUES (12903, '2011-11-24', '37', 71);
INSERT INTO `pagos` (`numero_orden`, `fecha`, `total`, `usuarios_premium_id`) VALUES (20924, '1987-11-28', '47', 52);
INSERT INTO `pagos` (`numero_orden`, `fecha`, `total`, `usuarios_premium_id`) VALUES (32266, '2021-10-05', '12', 96);
INSERT INTO `pagos` (`numero_orden`, `fecha`, `total`, `usuarios_premium_id`) VALUES (34750, '2016-11-14', '31', 46);
INSERT INTO `pagos` (`numero_orden`, `fecha`, `total`, `usuarios_premium_id`) VALUES (35980, '2001-08-05', '10', 17);
INSERT INTO `pagos` (`numero_orden`, `fecha`, `total`, `usuarios_premium_id`) VALUES (43740, '1983-07-20', '16', 77);
INSERT INTO `pagos` (`numero_orden`, `fecha`, `total`, `usuarios_premium_id`) VALUES (44986, '1994-10-21', '23', 88);
INSERT INTO `pagos` (`numero_orden`, `fecha`, `total`, `usuarios_premium_id`) VALUES (50909, '2005-04-27', '39', 44);
INSERT INTO `pagos` (`numero_orden`, `fecha`, `total`, `usuarios_premium_id`) VALUES (58938, '1991-07-18', '13', 50);
INSERT INTO `pagos` (`numero_orden`, `fecha`, `total`, `usuarios_premium_id`) VALUES (59745, '2003-03-02', '36', 42);
INSERT INTO `pagos` (`numero_orden`, `fecha`, `total`, `usuarios_premium_id`) VALUES (77347, '2017-10-17', '26', 34);
INSERT INTO `pagos` (`numero_orden`, `fecha`, `total`, `usuarios_premium_id`) VALUES (118232, '1987-11-21', '42', 73);
INSERT INTO `pagos` (`numero_orden`, `fecha`, `total`, `usuarios_premium_id`) VALUES (255769, '1976-06-20', '21', 69);
INSERT INTO `pagos` (`numero_orden`, `fecha`, `total`, `usuarios_premium_id`) VALUES (302085, '2017-08-19', '22', 48);
INSERT INTO `pagos` (`numero_orden`, `fecha`, `total`, `usuarios_premium_id`) VALUES (336579, '2006-06-20', '48', 4);
INSERT INTO `pagos` (`numero_orden`, `fecha`, `total`, `usuarios_premium_id`) VALUES (339141, '1994-11-11', '16', 39);
INSERT INTO `pagos` (`numero_orden`, `fecha`, `total`, `usuarios_premium_id`) VALUES (377298, '1981-10-26', '48', 86);
INSERT INTO `pagos` (`numero_orden`, `fecha`, `total`, `usuarios_premium_id`) VALUES (494711, '1998-11-07', '44', 24);
INSERT INTO `pagos` (`numero_orden`, `fecha`, `total`, `usuarios_premium_id`) VALUES (632046, '1999-03-19', '15', 11);
INSERT INTO `pagos` (`numero_orden`, `fecha`, `total`, `usuarios_premium_id`) VALUES (654037, '1990-12-25', '25', 32);
INSERT INTO `pagos` (`numero_orden`, `fecha`, `total`, `usuarios_premium_id`) VALUES (664649, '1972-01-06', '31', 56);
INSERT INTO `pagos` (`numero_orden`, `fecha`, `total`, `usuarios_premium_id`) VALUES (714143, '1993-09-07', '23', 28);
INSERT INTO `pagos` (`numero_orden`, `fecha`, `total`, `usuarios_premium_id`) VALUES (748894, '2016-10-08', '25', 63);
INSERT INTO `pagos` (`numero_orden`, `fecha`, `total`, `usuarios_premium_id`) VALUES (895763, '2003-04-19', '31', 40);
INSERT INTO `pagos` (`numero_orden`, `fecha`, `total`, `usuarios_premium_id`) VALUES (917039, '1973-06-06', '24', 70);
INSERT INTO `pagos` (`numero_orden`, `fecha`, `total`, `usuarios_premium_id`) VALUES (928958, '1997-07-04', '14', 95);
INSERT INTO `pagos` (`numero_orden`, `fecha`, `total`, `usuarios_premium_id`) VALUES (967900, '2008-05-05', '36', 85);
INSERT INTO `pagos` (`numero_orden`, `fecha`, `total`, `usuarios_premium_id`) VALUES (2518162, '1992-02-26', '10', 13);
INSERT INTO `pagos` (`numero_orden`, `fecha`, `total`, `usuarios_premium_id`) VALUES (3153854, '2009-10-22', '42', 15);
INSERT INTO `pagos` (`numero_orden`, `fecha`, `total`, `usuarios_premium_id`) VALUES (4004827, '2008-07-25', '25', 55);
INSERT INTO `pagos` (`numero_orden`, `fecha`, `total`, `usuarios_premium_id`) VALUES (4830154, '1990-01-27', '48', 47);
INSERT INTO `pagos` (`numero_orden`, `fecha`, `total`, `usuarios_premium_id`) VALUES (6340657, '1981-02-09', '27', 58);
INSERT INTO `pagos` (`numero_orden`, `fecha`, `total`, `usuarios_premium_id`) VALUES (7389343, '2018-06-29', '15', 57);
INSERT INTO `pagos` (`numero_orden`, `fecha`, `total`, `usuarios_premium_id`) VALUES (7396701, '1995-05-02', '32', 16);
INSERT INTO `pagos` (`numero_orden`, `fecha`, `total`, `usuarios_premium_id`) VALUES (7519103, '1976-05-28', '41', 29);
INSERT INTO `pagos` (`numero_orden`, `fecha`, `total`, `usuarios_premium_id`) VALUES (7633689, '1979-06-15', '36', 68);
INSERT INTO `pagos` (`numero_orden`, `fecha`, `total`, `usuarios_premium_id`) VALUES (7777875, '1993-07-02', '40', 84);
INSERT INTO `pagos` (`numero_orden`, `fecha`, `total`, `usuarios_premium_id`) VALUES (8299118, '2014-07-21', '28', 79);
INSERT INTO `pagos` (`numero_orden`, `fecha`, `total`, `usuarios_premium_id`) VALUES (9327257, '1993-08-24', '40', 100);
INSERT INTO `pagos` (`numero_orden`, `fecha`, `total`, `usuarios_premium_id`) VALUES (28572844, '1970-02-03', '28', 65);
INSERT INTO `pagos` (`numero_orden`, `fecha`, `total`, `usuarios_premium_id`) VALUES (28823789, '2019-08-11', '49', 22);
INSERT INTO `pagos` (`numero_orden`, `fecha`, `total`, `usuarios_premium_id`) VALUES (31011045, '1987-12-02', '38', 81);
INSERT INTO `pagos` (`numero_orden`, `fecha`, `total`, `usuarios_premium_id`) VALUES (44677996, '1986-03-24', '21', 53);
INSERT INTO `pagos` (`numero_orden`, `fecha`, `total`, `usuarios_premium_id`) VALUES (54309177, '1976-09-02', '24', 75);
INSERT INTO `pagos` (`numero_orden`, `fecha`, `total`, `usuarios_premium_id`) VALUES (60911415, '1986-10-27', '27', 78);
INSERT INTO `pagos` (`numero_orden`, `fecha`, `total`, `usuarios_premium_id`) VALUES (62077348, '2008-01-23', '47', 2);
INSERT INTO `pagos` (`numero_orden`, `fecha`, `total`, `usuarios_premium_id`) VALUES (62214254, '2010-01-14', '10', 74);
INSERT INTO `pagos` (`numero_orden`, `fecha`, `total`, `usuarios_premium_id`) VALUES (78032299, '1998-03-02', '35', 87);
INSERT INTO `pagos` (`numero_orden`, `fecha`, `total`, `usuarios_premium_id`) VALUES (95536989, '1977-01-03', '17', 31);
INSERT INTO `pagos` (`numero_orden`, `fecha`, `total`, `usuarios_premium_id`) VALUES (99319839, '2009-02-03', '32', 43);
INSERT INTO `pagos` (`numero_orden`, `fecha`, `total`, `usuarios_premium_id`) VALUES (183172772, '1986-03-24', '42', 92);
INSERT INTO `pagos` (`numero_orden`, `fecha`, `total`, `usuarios_premium_id`) VALUES (314871960, '1997-01-01', '22', 64);
INSERT INTO `pagos` (`numero_orden`, `fecha`, `total`, `usuarios_premium_id`) VALUES (431280432, '1970-05-09', '29', 82);
INSERT INTO `pagos` (`numero_orden`, `fecha`, `total`, `usuarios_premium_id`) VALUES (448894992, '2018-07-27', '20', 18);
INSERT INTO `pagos` (`numero_orden`, `fecha`, `total`, `usuarios_premium_id`) VALUES (477048772, '2018-01-05', '13', 66);
INSERT INTO `pagos` (`numero_orden`, `fecha`, `total`, `usuarios_premium_id`) VALUES (536636544, '2006-10-05', '29', 49);
INSERT INTO `pagos` (`numero_orden`, `fecha`, `total`, `usuarios_premium_id`) VALUES (644753858, '1978-07-19', '31', 35);
INSERT INTO `pagos` (`numero_orden`, `fecha`, `total`, `usuarios_premium_id`) VALUES (696067138, '2016-04-02', '16', 10);
INSERT INTO `pagos` (`numero_orden`, `fecha`, `total`, `usuarios_premium_id`) VALUES (752528500, '1973-06-08', '43', 21);
INSERT INTO `pagos` (`numero_orden`, `fecha`, `total`, `usuarios_premium_id`) VALUES (923426313, '1974-01-31', '40', 36);
INSERT INTO `pagos` (`numero_orden`, `fecha`, `total`, `usuarios_premium_id`) VALUES (942940396, '1976-10-23', '40', 19);

INSERT INTO `playlists` (`id`, `titulo`, `numero_canciones`, `fecha_creacion`, `eliminada`, `fecha_eliminacion`, `usuarios_free_id`, `usuarios_id`) VALUES (1, 'Repellendus laboriosam dolores accusamus cum ', 5, '2002-03-03', 0, '2000-11-10', 0, 1);
INSERT INTO `playlists` (`id`, `titulo`, `numero_canciones`, `fecha_creacion`, `eliminada`, `fecha_eliminacion`, `usuarios_free_id`, `usuarios_id`) VALUES (2, 'Itaque ex aut quisquam aut.', 7, '1988-01-28', 1, '2010-03-12', 0, 2);
INSERT INTO `playlists` (`id`, `titulo`, `numero_canciones`, `fecha_creacion`, `eliminada`, `fecha_eliminacion`, `usuarios_free_id`, `usuarios_id`) VALUES (3, 'Consequatur voluptas commodi velit.', 10, '1987-11-08', 0, '2017-01-23', 0, 3);
INSERT INTO `playlists` (`id`, `titulo`, `numero_canciones`, `fecha_creacion`, `eliminada`, `fecha_eliminacion`, `usuarios_free_id`, `usuarios_id`) VALUES (4, 'Omnis odio vel fugit.', 19, '1994-01-05', 0, '1989-10-09', 0, 4);
INSERT INTO `playlists` (`id`, `titulo`, `numero_canciones`, `fecha_creacion`, `eliminada`, `fecha_eliminacion`, `usuarios_free_id`, `usuarios_id`) VALUES (5, 'Alias in sit quis.', 14, '1988-01-11', 0, '2020-04-05', 0, 5);
INSERT INTO `playlists` (`id`, `titulo`, `numero_canciones`, `fecha_creacion`, `eliminada`, `fecha_eliminacion`, `usuarios_free_id`, `usuarios_id`) VALUES (6, 'Omnis sit autem beatae sint repellendus sed.', 16, '1996-09-27', 1, '2012-03-09', 0, 6);
INSERT INTO `playlists` (`id`, `titulo`, `numero_canciones`, `fecha_creacion`, `eliminada`, `fecha_eliminacion`, `usuarios_free_id`, `usuarios_id`) VALUES (7, 'Consequatur sed veritatis molestiae aut occae', 12, '1993-11-26', 0, '1975-03-21', 0, 7);
INSERT INTO `playlists` (`id`, `titulo`, `numero_canciones`, `fecha_creacion`, `eliminada`, `fecha_eliminacion`, `usuarios_free_id`, `usuarios_id`) VALUES (8, 'Sed optio velit dolores quasi numquam.', 6, '2013-05-04', 0, '1988-08-14', 0, 8);
INSERT INTO `playlists` (`id`, `titulo`, `numero_canciones`, `fecha_creacion`, `eliminada`, `fecha_eliminacion`, `usuarios_free_id`, `usuarios_id`) VALUES (9, 'Et suscipit a ut laborum delectus.', 7, '1977-11-21', 0, '2020-03-04', 0, 9);
INSERT INTO `playlists` (`id`, `titulo`, `numero_canciones`, `fecha_creacion`, `eliminada`, `fecha_eliminacion`, `usuarios_free_id`, `usuarios_id`) VALUES (10, 'Ipsam voluptates facilis harum quasi sunt har', 20, '2017-11-29', 1, '2011-04-19', 0, 10);
INSERT INTO `playlists` (`id`, `titulo`, `numero_canciones`, `fecha_creacion`, `eliminada`, `fecha_eliminacion`, `usuarios_free_id`, `usuarios_id`) VALUES (11, 'Temporibus aspernatur modi alias fuga.', 11, '1981-06-14', 0, '2010-02-23', 0, 11);
INSERT INTO `playlists` (`id`, `titulo`, `numero_canciones`, `fecha_creacion`, `eliminada`, `fecha_eliminacion`, `usuarios_free_id`, `usuarios_id`) VALUES (12, 'Dolor consequatur non optio saepe totam rerum', 17, '1997-02-07', 1, '1991-03-14', 0, 12);
INSERT INTO `playlists` (`id`, `titulo`, `numero_canciones`, `fecha_creacion`, `eliminada`, `fecha_eliminacion`, `usuarios_free_id`, `usuarios_id`) VALUES (13, 'Ut voluptas qui cumque ipsam modi molestiae.', 20, '1975-09-13', 0, '1984-10-02', 0, 13);
INSERT INTO `playlists` (`id`, `titulo`, `numero_canciones`, `fecha_creacion`, `eliminada`, `fecha_eliminacion`, `usuarios_free_id`, `usuarios_id`) VALUES (14, 'Iste ad ut vel veniam eum quod soluta distinc', 8, '2013-11-03', 1, '2003-10-23', 0, 14);
INSERT INTO `playlists` (`id`, `titulo`, `numero_canciones`, `fecha_creacion`, `eliminada`, `fecha_eliminacion`, `usuarios_free_id`, `usuarios_id`) VALUES (15, 'Quo consequatur maiores quas tempora vel et.', 9, '2014-01-17', 0, '2021-09-25', 0, 15);
INSERT INTO `playlists` (`id`, `titulo`, `numero_canciones`, `fecha_creacion`, `eliminada`, `fecha_eliminacion`, `usuarios_free_id`, `usuarios_id`) VALUES (16, 'Omnis ipsam fuga necessitatibus quis.', 6, '1990-08-28', 0, '1996-11-08', 0, 16);
INSERT INTO `playlists` (`id`, `titulo`, `numero_canciones`, `fecha_creacion`, `eliminada`, `fecha_eliminacion`, `usuarios_free_id`, `usuarios_id`) VALUES (17, 'Magnam vitae placeat ad maxime.', 5, '1994-09-12', 0, '1990-11-25', 0, 17);
INSERT INTO `playlists` (`id`, `titulo`, `numero_canciones`, `fecha_creacion`, `eliminada`, `fecha_eliminacion`, `usuarios_free_id`, `usuarios_id`) VALUES (18, 'Et qui commodi nobis debitis id quo voluptate', 16, '1972-03-26', 0, '1986-02-03', 0, 18);
INSERT INTO `playlists` (`id`, `titulo`, `numero_canciones`, `fecha_creacion`, `eliminada`, `fecha_eliminacion`, `usuarios_free_id`, `usuarios_id`) VALUES (19, 'Et ex sunt officiis dolores.', 5, '2012-10-26', 0, '1995-01-20', 0, 19);
INSERT INTO `playlists` (`id`, `titulo`, `numero_canciones`, `fecha_creacion`, `eliminada`, `fecha_eliminacion`, `usuarios_free_id`, `usuarios_id`) VALUES (20, 'Dolore mollitia velit sit sed eius voluptates', 6, '2006-02-11', 0, '1981-10-03', 0, 20);
INSERT INTO `playlists` (`id`, `titulo`, `numero_canciones`, `fecha_creacion`, `eliminada`, `fecha_eliminacion`, `usuarios_free_id`, `usuarios_id`) VALUES (21, 'Voluptate eum voluptas porro iste qui labore.', 9, '1999-03-10', 0, '2018-01-22', 0, 21);
INSERT INTO `playlists` (`id`, `titulo`, `numero_canciones`, `fecha_creacion`, `eliminada`, `fecha_eliminacion`, `usuarios_free_id`, `usuarios_id`) VALUES (22, 'Molestiae quisquam minus voluptatem excepturi', 20, '1979-02-07', 1, '1992-03-28', 0, 22);
INSERT INTO `playlists` (`id`, `titulo`, `numero_canciones`, `fecha_creacion`, `eliminada`, `fecha_eliminacion`, `usuarios_free_id`, `usuarios_id`) VALUES (23, 'Vitae hic laborum odit exercitationem consequ', 6, '2013-12-14', 0, '1982-08-27', 0, 23);
INSERT INTO `playlists` (`id`, `titulo`, `numero_canciones`, `fecha_creacion`, `eliminada`, `fecha_eliminacion`, `usuarios_free_id`, `usuarios_id`) VALUES (24, 'Nobis in qui modi tenetur.', 19, '1994-12-07', 0, '1988-01-28', 0, 24);
INSERT INTO `playlists` (`id`, `titulo`, `numero_canciones`, `fecha_creacion`, `eliminada`, `fecha_eliminacion`, `usuarios_free_id`, `usuarios_id`) VALUES (25, 'Qui et sunt vitae temporibus hic.', 11, '1999-02-07', 1, '1979-04-10', 0, 25);
INSERT INTO `playlists` (`id`, `titulo`, `numero_canciones`, `fecha_creacion`, `eliminada`, `fecha_eliminacion`, `usuarios_free_id`, `usuarios_id`) VALUES (26, 'Laborum hic voluptatem hic rerum dolor dolore', 19, '2016-10-11', 0, '1999-11-11', 0, 26);
INSERT INTO `playlists` (`id`, `titulo`, `numero_canciones`, `fecha_creacion`, `eliminada`, `fecha_eliminacion`, `usuarios_free_id`, `usuarios_id`) VALUES (27, 'Vel explicabo aut iure est praesentium non si', 8, '2009-08-04', 1, '2002-06-18', 0, 27);
INSERT INTO `playlists` (`id`, `titulo`, `numero_canciones`, `fecha_creacion`, `eliminada`, `fecha_eliminacion`, `usuarios_free_id`, `usuarios_id`) VALUES (28, 'Vitae at hic veritatis asperiores omnis.', 20, '1984-01-15', 1, '2009-11-14', 0, 28);
INSERT INTO `playlists` (`id`, `titulo`, `numero_canciones`, `fecha_creacion`, `eliminada`, `fecha_eliminacion`, `usuarios_free_id`, `usuarios_id`) VALUES (29, 'Iste aut eligendi consectetur est doloremque.', 18, '2008-12-07', 0, '2000-03-01', 0, 29);
INSERT INTO `playlists` (`id`, `titulo`, `numero_canciones`, `fecha_creacion`, `eliminada`, `fecha_eliminacion`, `usuarios_free_id`, `usuarios_id`) VALUES (30, 'Sunt cum deserunt dolorem ipsum.', 18, '2009-08-29', 0, '1981-04-27', 0, 30);
INSERT INTO `playlists` (`id`, `titulo`, `numero_canciones`, `fecha_creacion`, `eliminada`, `fecha_eliminacion`, `usuarios_free_id`, `usuarios_id`) VALUES (31, 'Nihil est dolores nemo id nesciunt.', 8, '1995-04-01', 1, '1974-02-03', 0, 31);
INSERT INTO `playlists` (`id`, `titulo`, `numero_canciones`, `fecha_creacion`, `eliminada`, `fecha_eliminacion`, `usuarios_free_id`, `usuarios_id`) VALUES (32, 'Totam illum a voluptatem.', 20, '1984-12-24', 1, '2017-07-25', 0, 32);
INSERT INTO `playlists` (`id`, `titulo`, `numero_canciones`, `fecha_creacion`, `eliminada`, `fecha_eliminacion`, `usuarios_free_id`, `usuarios_id`) VALUES (33, 'Ipsam quo rerum id pariatur.', 10, '1981-05-10', 0, '1992-02-13', 0, 33);
INSERT INTO `playlists` (`id`, `titulo`, `numero_canciones`, `fecha_creacion`, `eliminada`, `fecha_eliminacion`, `usuarios_free_id`, `usuarios_id`) VALUES (34, 'Tempore quo numquam et aliquid a eum consequa', 11, '1983-02-09', 0, '1992-02-05', 0, 34);
INSERT INTO `playlists` (`id`, `titulo`, `numero_canciones`, `fecha_creacion`, `eliminada`, `fecha_eliminacion`, `usuarios_free_id`, `usuarios_id`) VALUES (35, 'Sint quibusdam nostrum aut nulla quibusdam ne', 10, '2007-03-26', 1, '2013-09-14', 0, 35);
INSERT INTO `playlists` (`id`, `titulo`, `numero_canciones`, `fecha_creacion`, `eliminada`, `fecha_eliminacion`, `usuarios_free_id`, `usuarios_id`) VALUES (36, 'Iusto veritatis tempore dolores.', 18, '1982-09-26', 1, '1974-01-26', 0, 36);
INSERT INTO `playlists` (`id`, `titulo`, `numero_canciones`, `fecha_creacion`, `eliminada`, `fecha_eliminacion`, `usuarios_free_id`, `usuarios_id`) VALUES (37, 'Dolorum totam fugiat a animi eos natus.', 10, '1994-04-30', 0, '1977-04-24', 0, 37);
INSERT INTO `playlists` (`id`, `titulo`, `numero_canciones`, `fecha_creacion`, `eliminada`, `fecha_eliminacion`, `usuarios_free_id`, `usuarios_id`) VALUES (38, 'Minima tempore occaecati et eum.', 20, '1983-11-28', 1, '1978-07-06', 0, 38);
INSERT INTO `playlists` (`id`, `titulo`, `numero_canciones`, `fecha_creacion`, `eliminada`, `fecha_eliminacion`, `usuarios_free_id`, `usuarios_id`) VALUES (39, 'Modi omnis beatae distinctio rem quia non qua', 16, '2006-09-16', 1, '1996-09-22', 0, 39);
INSERT INTO `playlists` (`id`, `titulo`, `numero_canciones`, `fecha_creacion`, `eliminada`, `fecha_eliminacion`, `usuarios_free_id`, `usuarios_id`) VALUES (40, 'Doloribus omnis tempore magni nam dolores.', 11, '2014-03-04', 0, '1992-03-27', 0, 40);
INSERT INTO `playlists` (`id`, `titulo`, `numero_canciones`, `fecha_creacion`, `eliminada`, `fecha_eliminacion`, `usuarios_free_id`, `usuarios_id`) VALUES (41, 'Et doloribus aspernatur et enim.', 11, '1989-04-02', 0, '1993-01-03', 0, 41);
INSERT INTO `playlists` (`id`, `titulo`, `numero_canciones`, `fecha_creacion`, `eliminada`, `fecha_eliminacion`, `usuarios_free_id`, `usuarios_id`) VALUES (42, 'Qui sunt aut repudiandae natus.', 16, '1998-04-13', 1, '2017-07-06', 0, 42);
INSERT INTO `playlists` (`id`, `titulo`, `numero_canciones`, `fecha_creacion`, `eliminada`, `fecha_eliminacion`, `usuarios_free_id`, `usuarios_id`) VALUES (43, 'Eveniet labore maxime quo.', 15, '1987-05-13', 1, '1973-04-03', 0, 43);
INSERT INTO `playlists` (`id`, `titulo`, `numero_canciones`, `fecha_creacion`, `eliminada`, `fecha_eliminacion`, `usuarios_free_id`, `usuarios_id`) VALUES (44, 'Explicabo voluptas deserunt eaque.', 12, '2021-05-02', 1, '2021-02-16', 0, 44);
INSERT INTO `playlists` (`id`, `titulo`, `numero_canciones`, `fecha_creacion`, `eliminada`, `fecha_eliminacion`, `usuarios_free_id`, `usuarios_id`) VALUES (45, 'Quaerat a corrupti et.', 20, '1981-06-05', 0, '2002-05-26', 0, 45);
INSERT INTO `playlists` (`id`, `titulo`, `numero_canciones`, `fecha_creacion`, `eliminada`, `fecha_eliminacion`, `usuarios_free_id`, `usuarios_id`) VALUES (46, 'Est necessitatibus et perspiciatis aliquid do', 20, '2008-05-12', 0, '2000-05-22', 0, 46);
INSERT INTO `playlists` (`id`, `titulo`, `numero_canciones`, `fecha_creacion`, `eliminada`, `fecha_eliminacion`, `usuarios_free_id`, `usuarios_id`) VALUES (47, 'Neque et ut maxime praesentium.', 13, '2003-09-08', 0, '2008-07-01', 0, 47);
INSERT INTO `playlists` (`id`, `titulo`, `numero_canciones`, `fecha_creacion`, `eliminada`, `fecha_eliminacion`, `usuarios_free_id`, `usuarios_id`) VALUES (48, 'Nemo sed fugiat voluptatem similique deserunt', 20, '2009-08-21', 0, '1998-06-10', 0, 48);
INSERT INTO `playlists` (`id`, `titulo`, `numero_canciones`, `fecha_creacion`, `eliminada`, `fecha_eliminacion`, `usuarios_free_id`, `usuarios_id`) VALUES (49, 'Quasi aut fugiat ipsam.', 9, '1985-07-05', 0, '1975-08-28', 0, 49);
INSERT INTO `playlists` (`id`, `titulo`, `numero_canciones`, `fecha_creacion`, `eliminada`, `fecha_eliminacion`, `usuarios_free_id`, `usuarios_id`) VALUES (50, 'Dolores ut est illum eveniet nobis qui volupt', 14, '2010-10-20', 0, '1970-05-31', 0, 50);
INSERT INTO `playlists` (`id`, `titulo`, `numero_canciones`, `fecha_creacion`, `eliminada`, `fecha_eliminacion`, `usuarios_free_id`, `usuarios_id`) VALUES (51, 'Provident cum aliquam velit voluptas sit.', 8, '2014-11-05', 1, '2012-11-20', 0, 51);
INSERT INTO `playlists` (`id`, `titulo`, `numero_canciones`, `fecha_creacion`, `eliminada`, `fecha_eliminacion`, `usuarios_free_id`, `usuarios_id`) VALUES (52, 'Laudantium voluptatem enim ipsam libero et.', 15, '2002-11-25', 0, '1992-10-15', 0, 52);
INSERT INTO `playlists` (`id`, `titulo`, `numero_canciones`, `fecha_creacion`, `eliminada`, `fecha_eliminacion`, `usuarios_free_id`, `usuarios_id`) VALUES (53, 'Dolor suscipit commodi qui id placeat dolor v', 13, '2005-07-14', 1, '1980-10-05', 0, 53);
INSERT INTO `playlists` (`id`, `titulo`, `numero_canciones`, `fecha_creacion`, `eliminada`, `fecha_eliminacion`, `usuarios_free_id`, `usuarios_id`) VALUES (54, 'Commodi mollitia id iste sed libero.', 13, '1983-05-07', 0, '1999-11-23', 0, 54);
INSERT INTO `playlists` (`id`, `titulo`, `numero_canciones`, `fecha_creacion`, `eliminada`, `fecha_eliminacion`, `usuarios_free_id`, `usuarios_id`) VALUES (55, 'Minima ea totam aut.', 12, '1972-02-17', 1, '1973-12-03', 0, 55);
INSERT INTO `playlists` (`id`, `titulo`, `numero_canciones`, `fecha_creacion`, `eliminada`, `fecha_eliminacion`, `usuarios_free_id`, `usuarios_id`) VALUES (56, 'Eaque officia est accusantium.', 17, '2014-11-25', 0, '2007-07-21', 0, 56);
INSERT INTO `playlists` (`id`, `titulo`, `numero_canciones`, `fecha_creacion`, `eliminada`, `fecha_eliminacion`, `usuarios_free_id`, `usuarios_id`) VALUES (57, 'Possimus inventore consectetur veniam.', 9, '1975-01-25', 0, '1988-02-20', 0, 57);
INSERT INTO `playlists` (`id`, `titulo`, `numero_canciones`, `fecha_creacion`, `eliminada`, `fecha_eliminacion`, `usuarios_free_id`, `usuarios_id`) VALUES (58, 'Aut non perferendis voluptas architecto solut', 15, '2009-11-12', 1, '2005-08-09', 0, 58);
INSERT INTO `playlists` (`id`, `titulo`, `numero_canciones`, `fecha_creacion`, `eliminada`, `fecha_eliminacion`, `usuarios_free_id`, `usuarios_id`) VALUES (59, 'Itaque occaecati amet occaecati cum aut inven', 18, '1994-11-02', 0, '1980-11-29', 0, 59);
INSERT INTO `playlists` (`id`, `titulo`, `numero_canciones`, `fecha_creacion`, `eliminada`, `fecha_eliminacion`, `usuarios_free_id`, `usuarios_id`) VALUES (60, 'Quibusdam molestiae consequatur dolorum sit d', 7, '2008-11-29', 0, '1974-11-22', 0, 60);
INSERT INTO `playlists` (`id`, `titulo`, `numero_canciones`, `fecha_creacion`, `eliminada`, `fecha_eliminacion`, `usuarios_free_id`, `usuarios_id`) VALUES (61, 'Qui nihil sed eligendi.', 19, '1973-10-27', 1, '1989-03-17', 0, 61);
INSERT INTO `playlists` (`id`, `titulo`, `numero_canciones`, `fecha_creacion`, `eliminada`, `fecha_eliminacion`, `usuarios_free_id`, `usuarios_id`) VALUES (62, 'Veniam iste veniam vero illo quam maiores cup', 20, '2001-10-06', 0, '2002-08-19', 0, 62);
INSERT INTO `playlists` (`id`, `titulo`, `numero_canciones`, `fecha_creacion`, `eliminada`, `fecha_eliminacion`, `usuarios_free_id`, `usuarios_id`) VALUES (63, 'Libero officiis porro ut rerum adipisci.', 10, '1977-03-16', 1, '2000-09-14', 0, 63);
INSERT INTO `playlists` (`id`, `titulo`, `numero_canciones`, `fecha_creacion`, `eliminada`, `fecha_eliminacion`, `usuarios_free_id`, `usuarios_id`) VALUES (64, 'Quidem nemo perspiciatis quae error est maior', 18, '1984-07-11', 1, '2013-04-12', 0, 64);
INSERT INTO `playlists` (`id`, `titulo`, `numero_canciones`, `fecha_creacion`, `eliminada`, `fecha_eliminacion`, `usuarios_free_id`, `usuarios_id`) VALUES (65, 'Officia aut illo repellendus assumenda.', 11, '2001-04-19', 1, '2017-11-30', 0, 65);
INSERT INTO `playlists` (`id`, `titulo`, `numero_canciones`, `fecha_creacion`, `eliminada`, `fecha_eliminacion`, `usuarios_free_id`, `usuarios_id`) VALUES (66, 'Cupiditate iusto est ipsa.', 20, '1985-12-07', 0, '2008-04-27', 0, 66);
INSERT INTO `playlists` (`id`, `titulo`, `numero_canciones`, `fecha_creacion`, `eliminada`, `fecha_eliminacion`, `usuarios_free_id`, `usuarios_id`) VALUES (67, 'Debitis aut autem eius atque id asperiores eo', 16, '2010-09-21', 1, '1992-01-13', 0, 67);
INSERT INTO `playlists` (`id`, `titulo`, `numero_canciones`, `fecha_creacion`, `eliminada`, `fecha_eliminacion`, `usuarios_free_id`, `usuarios_id`) VALUES (68, 'Quo fuga possimus tempora inventore nisi quae', 9, '1985-07-09', 1, '2012-11-24', 0, 68);
INSERT INTO `playlists` (`id`, `titulo`, `numero_canciones`, `fecha_creacion`, `eliminada`, `fecha_eliminacion`, `usuarios_free_id`, `usuarios_id`) VALUES (69, 'Omnis eaque et qui id et.', 5, '1981-07-24', 1, '1972-05-27', 0, 69);
INSERT INTO `playlists` (`id`, `titulo`, `numero_canciones`, `fecha_creacion`, `eliminada`, `fecha_eliminacion`, `usuarios_free_id`, `usuarios_id`) VALUES (70, 'Quisquam sequi et facere et assumenda tenetur', 17, '1994-11-10', 0, '2004-04-08', 0, 70);
INSERT INTO `playlists` (`id`, `titulo`, `numero_canciones`, `fecha_creacion`, `eliminada`, `fecha_eliminacion`, `usuarios_free_id`, `usuarios_id`) VALUES (71, 'Quas optio perspiciatis autem maxime cupidita', 12, '1975-06-10', 1, '2006-12-09', 0, 71);
INSERT INTO `playlists` (`id`, `titulo`, `numero_canciones`, `fecha_creacion`, `eliminada`, `fecha_eliminacion`, `usuarios_free_id`, `usuarios_id`) VALUES (72, 'Voluptatem nesciunt nihil sunt.', 20, '1997-09-25', 1, '2020-09-30', 0, 72);
INSERT INTO `playlists` (`id`, `titulo`, `numero_canciones`, `fecha_creacion`, `eliminada`, `fecha_eliminacion`, `usuarios_free_id`, `usuarios_id`) VALUES (73, 'Consequatur aut aut laudantium sequi itaque r', 10, '2016-02-07', 0, '2000-09-29', 0, 73);
INSERT INTO `playlists` (`id`, `titulo`, `numero_canciones`, `fecha_creacion`, `eliminada`, `fecha_eliminacion`, `usuarios_free_id`, `usuarios_id`) VALUES (74, 'Tenetur tenetur ab at est ea.', 12, '2010-03-01', 0, '1973-11-20', 0, 74);
INSERT INTO `playlists` (`id`, `titulo`, `numero_canciones`, `fecha_creacion`, `eliminada`, `fecha_eliminacion`, `usuarios_free_id`, `usuarios_id`) VALUES (75, 'Sed expedita odio sint quos.', 20, '2011-10-18', 1, '2004-05-26', 0, 75);
INSERT INTO `playlists` (`id`, `titulo`, `numero_canciones`, `fecha_creacion`, `eliminada`, `fecha_eliminacion`, `usuarios_free_id`, `usuarios_id`) VALUES (76, 'Expedita omnis vitae quis id iste.', 9, '1993-01-04', 1, '2002-10-27', 0, 76);
INSERT INTO `playlists` (`id`, `titulo`, `numero_canciones`, `fecha_creacion`, `eliminada`, `fecha_eliminacion`, `usuarios_free_id`, `usuarios_id`) VALUES (77, 'Accusamus fugiat voluptate ut ipsam ut necess', 15, '2013-02-12', 0, '2019-11-01', 0, 77);
INSERT INTO `playlists` (`id`, `titulo`, `numero_canciones`, `fecha_creacion`, `eliminada`, `fecha_eliminacion`, `usuarios_free_id`, `usuarios_id`) VALUES (78, 'Illum minus in dicta dolores non facilis.', 14, '2003-05-05', 0, '1992-07-05', 0, 78);
INSERT INTO `playlists` (`id`, `titulo`, `numero_canciones`, `fecha_creacion`, `eliminada`, `fecha_eliminacion`, `usuarios_free_id`, `usuarios_id`) VALUES (79, 'Voluptatum ea quod maxime quisquam.', 19, '2019-07-08', 1, '2008-02-13', 0, 79);
INSERT INTO `playlists` (`id`, `titulo`, `numero_canciones`, `fecha_creacion`, `eliminada`, `fecha_eliminacion`, `usuarios_free_id`, `usuarios_id`) VALUES (80, 'Sed accusamus ea et expedita occaecati volupt', 7, '1995-04-09', 1, '1991-10-11', 0, 80);
INSERT INTO `playlists` (`id`, `titulo`, `numero_canciones`, `fecha_creacion`, `eliminada`, `fecha_eliminacion`, `usuarios_free_id`, `usuarios_id`) VALUES (81, 'Necessitatibus expedita facere culpa assumend', 14, '2006-07-02', 1, '1986-07-01', 0, 81);
INSERT INTO `playlists` (`id`, `titulo`, `numero_canciones`, `fecha_creacion`, `eliminada`, `fecha_eliminacion`, `usuarios_free_id`, `usuarios_id`) VALUES (82, 'Minima non eius impedit dignissimos in aut.', 6, '1987-03-03', 0, '1970-10-15', 0, 82);
INSERT INTO `playlists` (`id`, `titulo`, `numero_canciones`, `fecha_creacion`, `eliminada`, `fecha_eliminacion`, `usuarios_free_id`, `usuarios_id`) VALUES (83, 'Incidunt ratione et repellat eum.', 7, '1982-05-25', 1, '2005-12-24', 0, 83);
INSERT INTO `playlists` (`id`, `titulo`, `numero_canciones`, `fecha_creacion`, `eliminada`, `fecha_eliminacion`, `usuarios_free_id`, `usuarios_id`) VALUES (84, 'Odit ut ullam architecto eius non nesciunt co', 7, '1995-07-24', 1, '2010-06-17', 0, 84);
INSERT INTO `playlists` (`id`, `titulo`, `numero_canciones`, `fecha_creacion`, `eliminada`, `fecha_eliminacion`, `usuarios_free_id`, `usuarios_id`) VALUES (85, 'Et voluptatum non ullam beatae.', 20, '2021-10-14', 0, '1996-03-14', 0, 85);
INSERT INTO `playlists` (`id`, `titulo`, `numero_canciones`, `fecha_creacion`, `eliminada`, `fecha_eliminacion`, `usuarios_free_id`, `usuarios_id`) VALUES (86, 'Corporis fuga sunt nobis id.', 13, '1999-01-20', 0, '1989-05-03', 0, 86);
INSERT INTO `playlists` (`id`, `titulo`, `numero_canciones`, `fecha_creacion`, `eliminada`, `fecha_eliminacion`, `usuarios_free_id`, `usuarios_id`) VALUES (87, 'Vel eveniet ducimus facilis ut itaque.', 11, '2002-03-02', 0, '1971-01-15', 0, 87);
INSERT INTO `playlists` (`id`, `titulo`, `numero_canciones`, `fecha_creacion`, `eliminada`, `fecha_eliminacion`, `usuarios_free_id`, `usuarios_id`) VALUES (88, 'Sed sunt totam in dolorem esse.', 9, '1988-11-08', 0, '2017-04-14', 0, 88);
INSERT INTO `playlists` (`id`, `titulo`, `numero_canciones`, `fecha_creacion`, `eliminada`, `fecha_eliminacion`, `usuarios_free_id`, `usuarios_id`) VALUES (89, 'Quo iusto nihil temporibus architecto quisqua', 8, '2018-12-15', 0, '2017-01-12', 0, 89);
INSERT INTO `playlists` (`id`, `titulo`, `numero_canciones`, `fecha_creacion`, `eliminada`, `fecha_eliminacion`, `usuarios_free_id`, `usuarios_id`) VALUES (90, 'Nemo corrupti molestiae veniam illo voluptatu', 6, '1982-06-28', 1, '1995-06-20', 0, 90);
INSERT INTO `playlists` (`id`, `titulo`, `numero_canciones`, `fecha_creacion`, `eliminada`, `fecha_eliminacion`, `usuarios_free_id`, `usuarios_id`) VALUES (91, 'Sit autem assumenda aut rerum aspernatur.', 15, '1975-11-01', 0, '1992-02-16', 0, 91);
INSERT INTO `playlists` (`id`, `titulo`, `numero_canciones`, `fecha_creacion`, `eliminada`, `fecha_eliminacion`, `usuarios_free_id`, `usuarios_id`) VALUES (92, 'Quae laboriosam laudantium nemo et dolor cons', 17, '1993-06-13', 0, '1989-08-06', 0, 92);
INSERT INTO `playlists` (`id`, `titulo`, `numero_canciones`, `fecha_creacion`, `eliminada`, `fecha_eliminacion`, `usuarios_free_id`, `usuarios_id`) VALUES (93, 'Est facere tempora voluptatem qui hic esse bl', 10, '1999-02-26', 1, '1987-04-22', 0, 93);
INSERT INTO `playlists` (`id`, `titulo`, `numero_canciones`, `fecha_creacion`, `eliminada`, `fecha_eliminacion`, `usuarios_free_id`, `usuarios_id`) VALUES (94, 'Adipisci quibusdam voluptates eveniet.', 11, '2006-11-30', 1, '2004-05-25', 0, 94);
INSERT INTO `playlists` (`id`, `titulo`, `numero_canciones`, `fecha_creacion`, `eliminada`, `fecha_eliminacion`, `usuarios_free_id`, `usuarios_id`) VALUES (95, 'Placeat quis optio eaque itaque deserunt.', 13, '1997-05-24', 1, '1994-12-16', 0, 95);
INSERT INTO `playlists` (`id`, `titulo`, `numero_canciones`, `fecha_creacion`, `eliminada`, `fecha_eliminacion`, `usuarios_free_id`, `usuarios_id`) VALUES (96, 'Voluptas consequuntur ea eum velit.', 13, '2009-05-24', 1, '2016-10-12', 0, 96);
INSERT INTO `playlists` (`id`, `titulo`, `numero_canciones`, `fecha_creacion`, `eliminada`, `fecha_eliminacion`, `usuarios_free_id`, `usuarios_id`) VALUES (97, 'Maiores voluptatibus ut expedita repellendus ', 14, '1971-01-04', 0, '2008-09-16', 0, 97);
INSERT INTO `playlists` (`id`, `titulo`, `numero_canciones`, `fecha_creacion`, `eliminada`, `fecha_eliminacion`, `usuarios_free_id`, `usuarios_id`) VALUES (98, 'Non voluptatem repellendus id perspiciatis au', 18, '2012-03-12', 1, '1979-06-13', 0, 98);
INSERT INTO `playlists` (`id`, `titulo`, `numero_canciones`, `fecha_creacion`, `eliminada`, `fecha_eliminacion`, `usuarios_free_id`, `usuarios_id`) VALUES (99, 'Eligendi neque sit qui et.', 18, '2010-12-17', 0, '2004-03-10', 0, 99);
INSERT INTO `playlists` (`id`, `titulo`, `numero_canciones`, `fecha_creacion`, `eliminada`, `fecha_eliminacion`, `usuarios_free_id`, `usuarios_id`) VALUES (100, 'Et ab qui ut.', 11, '2000-05-27', 0, '2018-11-02', 0, 100);

INSERT INTO `playlists_has_canciones` (`playlists_id`, `canciones_id`) VALUES (1, 1);
INSERT INTO `playlists_has_canciones` (`playlists_id`, `canciones_id`) VALUES (2, 2);
INSERT INTO `playlists_has_canciones` (`playlists_id`, `canciones_id`) VALUES (3, 3);
INSERT INTO `playlists_has_canciones` (`playlists_id`, `canciones_id`) VALUES (4, 4);
INSERT INTO `playlists_has_canciones` (`playlists_id`, `canciones_id`) VALUES (5, 5);
INSERT INTO `playlists_has_canciones` (`playlists_id`, `canciones_id`) VALUES (6, 6);
INSERT INTO `playlists_has_canciones` (`playlists_id`, `canciones_id`) VALUES (7, 7);
INSERT INTO `playlists_has_canciones` (`playlists_id`, `canciones_id`) VALUES (8, 8);
INSERT INTO `playlists_has_canciones` (`playlists_id`, `canciones_id`) VALUES (9, 9);
INSERT INTO `playlists_has_canciones` (`playlists_id`, `canciones_id`) VALUES (10, 10);
INSERT INTO `playlists_has_canciones` (`playlists_id`, `canciones_id`) VALUES (11, 11);
INSERT INTO `playlists_has_canciones` (`playlists_id`, `canciones_id`) VALUES (12, 12);
INSERT INTO `playlists_has_canciones` (`playlists_id`, `canciones_id`) VALUES (13, 13);
INSERT INTO `playlists_has_canciones` (`playlists_id`, `canciones_id`) VALUES (14, 14);
INSERT INTO `playlists_has_canciones` (`playlists_id`, `canciones_id`) VALUES (15, 15);
INSERT INTO `playlists_has_canciones` (`playlists_id`, `canciones_id`) VALUES (16, 16);
INSERT INTO `playlists_has_canciones` (`playlists_id`, `canciones_id`) VALUES (17, 17);
INSERT INTO `playlists_has_canciones` (`playlists_id`, `canciones_id`) VALUES (18, 18);
INSERT INTO `playlists_has_canciones` (`playlists_id`, `canciones_id`) VALUES (19, 19);
INSERT INTO `playlists_has_canciones` (`playlists_id`, `canciones_id`) VALUES (20, 20);
INSERT INTO `playlists_has_canciones` (`playlists_id`, `canciones_id`) VALUES (21, 21);
INSERT INTO `playlists_has_canciones` (`playlists_id`, `canciones_id`) VALUES (22, 22);
INSERT INTO `playlists_has_canciones` (`playlists_id`, `canciones_id`) VALUES (23, 23);
INSERT INTO `playlists_has_canciones` (`playlists_id`, `canciones_id`) VALUES (24, 24);
INSERT INTO `playlists_has_canciones` (`playlists_id`, `canciones_id`) VALUES (25, 25);
INSERT INTO `playlists_has_canciones` (`playlists_id`, `canciones_id`) VALUES (26, 26);
INSERT INTO `playlists_has_canciones` (`playlists_id`, `canciones_id`) VALUES (27, 27);
INSERT INTO `playlists_has_canciones` (`playlists_id`, `canciones_id`) VALUES (28, 28);
INSERT INTO `playlists_has_canciones` (`playlists_id`, `canciones_id`) VALUES (29, 29);
INSERT INTO `playlists_has_canciones` (`playlists_id`, `canciones_id`) VALUES (30, 30);
INSERT INTO `playlists_has_canciones` (`playlists_id`, `canciones_id`) VALUES (31, 31);
INSERT INTO `playlists_has_canciones` (`playlists_id`, `canciones_id`) VALUES (32, 32);
INSERT INTO `playlists_has_canciones` (`playlists_id`, `canciones_id`) VALUES (33, 33);
INSERT INTO `playlists_has_canciones` (`playlists_id`, `canciones_id`) VALUES (34, 34);
INSERT INTO `playlists_has_canciones` (`playlists_id`, `canciones_id`) VALUES (35, 35);
INSERT INTO `playlists_has_canciones` (`playlists_id`, `canciones_id`) VALUES (36, 36);
INSERT INTO `playlists_has_canciones` (`playlists_id`, `canciones_id`) VALUES (37, 37);
INSERT INTO `playlists_has_canciones` (`playlists_id`, `canciones_id`) VALUES (38, 38);
INSERT INTO `playlists_has_canciones` (`playlists_id`, `canciones_id`) VALUES (39, 39);
INSERT INTO `playlists_has_canciones` (`playlists_id`, `canciones_id`) VALUES (40, 40);
INSERT INTO `playlists_has_canciones` (`playlists_id`, `canciones_id`) VALUES (41, 41);
INSERT INTO `playlists_has_canciones` (`playlists_id`, `canciones_id`) VALUES (42, 42);
INSERT INTO `playlists_has_canciones` (`playlists_id`, `canciones_id`) VALUES (43, 43);
INSERT INTO `playlists_has_canciones` (`playlists_id`, `canciones_id`) VALUES (44, 44);
INSERT INTO `playlists_has_canciones` (`playlists_id`, `canciones_id`) VALUES (45, 45);
INSERT INTO `playlists_has_canciones` (`playlists_id`, `canciones_id`) VALUES (46, 46);
INSERT INTO `playlists_has_canciones` (`playlists_id`, `canciones_id`) VALUES (47, 47);
INSERT INTO `playlists_has_canciones` (`playlists_id`, `canciones_id`) VALUES (48, 48);
INSERT INTO `playlists_has_canciones` (`playlists_id`, `canciones_id`) VALUES (49, 49);
INSERT INTO `playlists_has_canciones` (`playlists_id`, `canciones_id`) VALUES (50, 50);
INSERT INTO `playlists_has_canciones` (`playlists_id`, `canciones_id`) VALUES (51, 51);
INSERT INTO `playlists_has_canciones` (`playlists_id`, `canciones_id`) VALUES (52, 52);
INSERT INTO `playlists_has_canciones` (`playlists_id`, `canciones_id`) VALUES (53, 53);
INSERT INTO `playlists_has_canciones` (`playlists_id`, `canciones_id`) VALUES (54, 54);
INSERT INTO `playlists_has_canciones` (`playlists_id`, `canciones_id`) VALUES (55, 55);
INSERT INTO `playlists_has_canciones` (`playlists_id`, `canciones_id`) VALUES (56, 56);
INSERT INTO `playlists_has_canciones` (`playlists_id`, `canciones_id`) VALUES (57, 57);
INSERT INTO `playlists_has_canciones` (`playlists_id`, `canciones_id`) VALUES (58, 58);
INSERT INTO `playlists_has_canciones` (`playlists_id`, `canciones_id`) VALUES (59, 59);
INSERT INTO `playlists_has_canciones` (`playlists_id`, `canciones_id`) VALUES (60, 60);
INSERT INTO `playlists_has_canciones` (`playlists_id`, `canciones_id`) VALUES (61, 61);
INSERT INTO `playlists_has_canciones` (`playlists_id`, `canciones_id`) VALUES (62, 62);
INSERT INTO `playlists_has_canciones` (`playlists_id`, `canciones_id`) VALUES (63, 63);
INSERT INTO `playlists_has_canciones` (`playlists_id`, `canciones_id`) VALUES (64, 64);
INSERT INTO `playlists_has_canciones` (`playlists_id`, `canciones_id`) VALUES (65, 65);
INSERT INTO `playlists_has_canciones` (`playlists_id`, `canciones_id`) VALUES (66, 66);
INSERT INTO `playlists_has_canciones` (`playlists_id`, `canciones_id`) VALUES (67, 67);
INSERT INTO `playlists_has_canciones` (`playlists_id`, `canciones_id`) VALUES (68, 68);
INSERT INTO `playlists_has_canciones` (`playlists_id`, `canciones_id`) VALUES (69, 69);
INSERT INTO `playlists_has_canciones` (`playlists_id`, `canciones_id`) VALUES (70, 70);
INSERT INTO `playlists_has_canciones` (`playlists_id`, `canciones_id`) VALUES (71, 71);
INSERT INTO `playlists_has_canciones` (`playlists_id`, `canciones_id`) VALUES (72, 72);
INSERT INTO `playlists_has_canciones` (`playlists_id`, `canciones_id`) VALUES (73, 73);
INSERT INTO `playlists_has_canciones` (`playlists_id`, `canciones_id`) VALUES (74, 74);
INSERT INTO `playlists_has_canciones` (`playlists_id`, `canciones_id`) VALUES (75, 75);
INSERT INTO `playlists_has_canciones` (`playlists_id`, `canciones_id`) VALUES (76, 76);
INSERT INTO `playlists_has_canciones` (`playlists_id`, `canciones_id`) VALUES (77, 77);
INSERT INTO `playlists_has_canciones` (`playlists_id`, `canciones_id`) VALUES (78, 78);
INSERT INTO `playlists_has_canciones` (`playlists_id`, `canciones_id`) VALUES (79, 79);
INSERT INTO `playlists_has_canciones` (`playlists_id`, `canciones_id`) VALUES (80, 80);
INSERT INTO `playlists_has_canciones` (`playlists_id`, `canciones_id`) VALUES (81, 81);
INSERT INTO `playlists_has_canciones` (`playlists_id`, `canciones_id`) VALUES (82, 82);
INSERT INTO `playlists_has_canciones` (`playlists_id`, `canciones_id`) VALUES (83, 83);
INSERT INTO `playlists_has_canciones` (`playlists_id`, `canciones_id`) VALUES (84, 84);
INSERT INTO `playlists_has_canciones` (`playlists_id`, `canciones_id`) VALUES (85, 85);
INSERT INTO `playlists_has_canciones` (`playlists_id`, `canciones_id`) VALUES (86, 86);
INSERT INTO `playlists_has_canciones` (`playlists_id`, `canciones_id`) VALUES (87, 87);
INSERT INTO `playlists_has_canciones` (`playlists_id`, `canciones_id`) VALUES (88, 88);
INSERT INTO `playlists_has_canciones` (`playlists_id`, `canciones_id`) VALUES (89, 89);
INSERT INTO `playlists_has_canciones` (`playlists_id`, `canciones_id`) VALUES (90, 90);
INSERT INTO `playlists_has_canciones` (`playlists_id`, `canciones_id`) VALUES (91, 91);
INSERT INTO `playlists_has_canciones` (`playlists_id`, `canciones_id`) VALUES (92, 92);
INSERT INTO `playlists_has_canciones` (`playlists_id`, `canciones_id`) VALUES (93, 93);
INSERT INTO `playlists_has_canciones` (`playlists_id`, `canciones_id`) VALUES (94, 94);
INSERT INTO `playlists_has_canciones` (`playlists_id`, `canciones_id`) VALUES (95, 95);
INSERT INTO `playlists_has_canciones` (`playlists_id`, `canciones_id`) VALUES (96, 96);
INSERT INTO `playlists_has_canciones` (`playlists_id`, `canciones_id`) VALUES (97, 97);
INSERT INTO `playlists_has_canciones` (`playlists_id`, `canciones_id`) VALUES (98, 98);
INSERT INTO `playlists_has_canciones` (`playlists_id`, `canciones_id`) VALUES (99, 99);
INSERT INTO `playlists_has_canciones` (`playlists_id`, `canciones_id`) VALUES (100, 100);

INSERT INTO `suscripciones` (`id`, `fecha_inicio`, `fecha_renovacion`, `forma_pago`, `usuarios_premium_id`) VALUES (1, '2021-05-08', '2014-10-14', 'PAYPAL', 1);
INSERT INTO `suscripciones` (`id`, `fecha_inicio`, `fecha_renovacion`, `forma_pago`, `usuarios_premium_id`) VALUES (2, '2010-03-27', '1988-03-20', 'TARJETA', 2);
INSERT INTO `suscripciones` (`id`, `fecha_inicio`, `fecha_renovacion`, `forma_pago`, `usuarios_premium_id`) VALUES (3, '1978-03-06', '2002-05-23', 'TARJETA', 3);
INSERT INTO `suscripciones` (`id`, `fecha_inicio`, `fecha_renovacion`, `forma_pago`, `usuarios_premium_id`) VALUES (4, '2018-11-12', '2005-07-24', 'PAYPAL', 4);
INSERT INTO `suscripciones` (`id`, `fecha_inicio`, `fecha_renovacion`, `forma_pago`, `usuarios_premium_id`) VALUES (5, '1989-03-24', '2020-10-26', 'PAYPAL', 5);
INSERT INTO `suscripciones` (`id`, `fecha_inicio`, `fecha_renovacion`, `forma_pago`, `usuarios_premium_id`) VALUES (6, '1978-10-30', '1973-10-08', 'TARJETA', 6);
INSERT INTO `suscripciones` (`id`, `fecha_inicio`, `fecha_renovacion`, `forma_pago`, `usuarios_premium_id`) VALUES (7, '1992-12-15', '1975-12-29', 'TARJETA', 7);
INSERT INTO `suscripciones` (`id`, `fecha_inicio`, `fecha_renovacion`, `forma_pago`, `usuarios_premium_id`) VALUES (8, '1999-01-24', '2011-07-17', 'TARJETA', 8);
INSERT INTO `suscripciones` (`id`, `fecha_inicio`, `fecha_renovacion`, `forma_pago`, `usuarios_premium_id`) VALUES (9, '1996-01-25', '1993-10-25', 'TARJETA', 9);
INSERT INTO `suscripciones` (`id`, `fecha_inicio`, `fecha_renovacion`, `forma_pago`, `usuarios_premium_id`) VALUES (10, '2022-01-25', '1985-10-12', 'TARJETA', 10);
INSERT INTO `suscripciones` (`id`, `fecha_inicio`, `fecha_renovacion`, `forma_pago`, `usuarios_premium_id`) VALUES (11, '2014-04-18', '1983-06-01', 'TARJETA', 11);
INSERT INTO `suscripciones` (`id`, `fecha_inicio`, `fecha_renovacion`, `forma_pago`, `usuarios_premium_id`) VALUES (12, '1974-02-08', '2005-08-03', 'TARJETA', 12);
INSERT INTO `suscripciones` (`id`, `fecha_inicio`, `fecha_renovacion`, `forma_pago`, `usuarios_premium_id`) VALUES (13, '2021-10-05', '2007-12-27', 'TARJETA', 13);
INSERT INTO `suscripciones` (`id`, `fecha_inicio`, `fecha_renovacion`, `forma_pago`, `usuarios_premium_id`) VALUES (14, '1993-02-28', '1993-07-26', 'PAYPAL', 14);
INSERT INTO `suscripciones` (`id`, `fecha_inicio`, `fecha_renovacion`, `forma_pago`, `usuarios_premium_id`) VALUES (15, '2005-03-21', '2019-12-10', 'TARJETA', 15);
INSERT INTO `suscripciones` (`id`, `fecha_inicio`, `fecha_renovacion`, `forma_pago`, `usuarios_premium_id`) VALUES (16, '2012-04-03', '1976-11-29', 'TARJETA', 16);
INSERT INTO `suscripciones` (`id`, `fecha_inicio`, `fecha_renovacion`, `forma_pago`, `usuarios_premium_id`) VALUES (17, '1972-01-02', '2007-11-18', 'TARJETA', 17);
INSERT INTO `suscripciones` (`id`, `fecha_inicio`, `fecha_renovacion`, `forma_pago`, `usuarios_premium_id`) VALUES (18, '1977-01-27', '1986-02-08', 'PAYPAL', 18);
INSERT INTO `suscripciones` (`id`, `fecha_inicio`, `fecha_renovacion`, `forma_pago`, `usuarios_premium_id`) VALUES (19, '1974-09-21', '2003-03-15', 'TARJETA', 19);
INSERT INTO `suscripciones` (`id`, `fecha_inicio`, `fecha_renovacion`, `forma_pago`, `usuarios_premium_id`) VALUES (20, '2001-03-28', '1973-12-06', 'TARJETA', 20);
INSERT INTO `suscripciones` (`id`, `fecha_inicio`, `fecha_renovacion`, `forma_pago`, `usuarios_premium_id`) VALUES (21, '1997-06-24', '2006-09-16', 'PAYPAL', 21);
INSERT INTO `suscripciones` (`id`, `fecha_inicio`, `fecha_renovacion`, `forma_pago`, `usuarios_premium_id`) VALUES (22, '2006-06-28', '2001-08-24', 'PAYPAL', 22);
INSERT INTO `suscripciones` (`id`, `fecha_inicio`, `fecha_renovacion`, `forma_pago`, `usuarios_premium_id`) VALUES (23, '1983-11-24', '2004-12-27', 'TARJETA', 23);
INSERT INTO `suscripciones` (`id`, `fecha_inicio`, `fecha_renovacion`, `forma_pago`, `usuarios_premium_id`) VALUES (24, '1979-08-29', '2011-10-25', 'PAYPAL', 24);
INSERT INTO `suscripciones` (`id`, `fecha_inicio`, `fecha_renovacion`, `forma_pago`, `usuarios_premium_id`) VALUES (25, '1987-02-07', '1984-10-25', 'TARJETA', 25);
INSERT INTO `suscripciones` (`id`, `fecha_inicio`, `fecha_renovacion`, `forma_pago`, `usuarios_premium_id`) VALUES (26, '2001-09-04', '1987-01-13', 'TARJETA', 26);
INSERT INTO `suscripciones` (`id`, `fecha_inicio`, `fecha_renovacion`, `forma_pago`, `usuarios_premium_id`) VALUES (27, '2015-06-19', '1978-09-26', 'PAYPAL', 27);
INSERT INTO `suscripciones` (`id`, `fecha_inicio`, `fecha_renovacion`, `forma_pago`, `usuarios_premium_id`) VALUES (28, '2014-10-02', '1972-02-02', 'TARJETA', 28);
INSERT INTO `suscripciones` (`id`, `fecha_inicio`, `fecha_renovacion`, `forma_pago`, `usuarios_premium_id`) VALUES (29, '2001-09-06', '1994-04-23', 'PAYPAL', 29);
INSERT INTO `suscripciones` (`id`, `fecha_inicio`, `fecha_renovacion`, `forma_pago`, `usuarios_premium_id`) VALUES (30, '2001-09-22', '2000-11-04', 'TARJETA', 30);
INSERT INTO `suscripciones` (`id`, `fecha_inicio`, `fecha_renovacion`, `forma_pago`, `usuarios_premium_id`) VALUES (31, '1975-11-24', '1994-12-05', 'TARJETA', 31);
INSERT INTO `suscripciones` (`id`, `fecha_inicio`, `fecha_renovacion`, `forma_pago`, `usuarios_premium_id`) VALUES (32, '2016-08-08', '1976-01-17', 'PAYPAL', 32);
INSERT INTO `suscripciones` (`id`, `fecha_inicio`, `fecha_renovacion`, `forma_pago`, `usuarios_premium_id`) VALUES (33, '2018-09-01', '1999-09-23', 'PAYPAL', 33);
INSERT INTO `suscripciones` (`id`, `fecha_inicio`, `fecha_renovacion`, `forma_pago`, `usuarios_premium_id`) VALUES (34, '2016-04-26', '1981-05-19', 'TARJETA', 34);
INSERT INTO `suscripciones` (`id`, `fecha_inicio`, `fecha_renovacion`, `forma_pago`, `usuarios_premium_id`) VALUES (35, '2002-03-31', '2020-03-08', 'TARJETA', 35);
INSERT INTO `suscripciones` (`id`, `fecha_inicio`, `fecha_renovacion`, `forma_pago`, `usuarios_premium_id`) VALUES (36, '1997-04-12', '2022-05-24', 'TARJETA', 36);
INSERT INTO `suscripciones` (`id`, `fecha_inicio`, `fecha_renovacion`, `forma_pago`, `usuarios_premium_id`) VALUES (37, '2010-02-17', '1977-04-11', 'TARJETA', 37);
INSERT INTO `suscripciones` (`id`, `fecha_inicio`, `fecha_renovacion`, `forma_pago`, `usuarios_premium_id`) VALUES (38, '1974-05-26', '2007-01-08', 'PAYPAL', 38);
INSERT INTO `suscripciones` (`id`, `fecha_inicio`, `fecha_renovacion`, `forma_pago`, `usuarios_premium_id`) VALUES (39, '2009-09-17', '2020-07-04', 'PAYPAL', 39);
INSERT INTO `suscripciones` (`id`, `fecha_inicio`, `fecha_renovacion`, `forma_pago`, `usuarios_premium_id`) VALUES (40, '1999-12-29', '1981-07-03', 'TARJETA', 40);
INSERT INTO `suscripciones` (`id`, `fecha_inicio`, `fecha_renovacion`, `forma_pago`, `usuarios_premium_id`) VALUES (41, '2000-06-30', '1995-07-06', 'TARJETA', 41);
INSERT INTO `suscripciones` (`id`, `fecha_inicio`, `fecha_renovacion`, `forma_pago`, `usuarios_premium_id`) VALUES (42, '2010-07-11', '2015-08-20', 'TARJETA', 42);
INSERT INTO `suscripciones` (`id`, `fecha_inicio`, `fecha_renovacion`, `forma_pago`, `usuarios_premium_id`) VALUES (43, '2008-09-10', '1982-10-04', 'TARJETA', 43);
INSERT INTO `suscripciones` (`id`, `fecha_inicio`, `fecha_renovacion`, `forma_pago`, `usuarios_premium_id`) VALUES (44, '1978-08-12', '1980-07-14', 'PAYPAL', 44);
INSERT INTO `suscripciones` (`id`, `fecha_inicio`, `fecha_renovacion`, `forma_pago`, `usuarios_premium_id`) VALUES (45, '1986-06-18', '1995-05-14', 'TARJETA', 45);
INSERT INTO `suscripciones` (`id`, `fecha_inicio`, `fecha_renovacion`, `forma_pago`, `usuarios_premium_id`) VALUES (46, '1972-05-15', '1985-02-06', 'TARJETA', 46);
INSERT INTO `suscripciones` (`id`, `fecha_inicio`, `fecha_renovacion`, `forma_pago`, `usuarios_premium_id`) VALUES (47, '1988-10-06', '1975-06-13', 'PAYPAL', 47);
INSERT INTO `suscripciones` (`id`, `fecha_inicio`, `fecha_renovacion`, `forma_pago`, `usuarios_premium_id`) VALUES (48, '2003-10-09', '1972-04-25', 'TARJETA', 48);
INSERT INTO `suscripciones` (`id`, `fecha_inicio`, `fecha_renovacion`, `forma_pago`, `usuarios_premium_id`) VALUES (49, '1975-01-13', '2021-10-23', 'TARJETA', 49);
INSERT INTO `suscripciones` (`id`, `fecha_inicio`, `fecha_renovacion`, `forma_pago`, `usuarios_premium_id`) VALUES (50, '1991-06-27', '2015-11-17', 'TARJETA', 50);
INSERT INTO `suscripciones` (`id`, `fecha_inicio`, `fecha_renovacion`, `forma_pago`, `usuarios_premium_id`) VALUES (51, '2022-02-25', '1971-04-11', 'PAYPAL', 51);
INSERT INTO `suscripciones` (`id`, `fecha_inicio`, `fecha_renovacion`, `forma_pago`, `usuarios_premium_id`) VALUES (52, '1991-04-18', '1986-03-25', 'PAYPAL', 52);
INSERT INTO `suscripciones` (`id`, `fecha_inicio`, `fecha_renovacion`, `forma_pago`, `usuarios_premium_id`) VALUES (53, '2002-03-31', '1991-07-02', 'TARJETA', 53);
INSERT INTO `suscripciones` (`id`, `fecha_inicio`, `fecha_renovacion`, `forma_pago`, `usuarios_premium_id`) VALUES (54, '2002-04-03', '1981-09-01', 'PAYPAL', 54);
INSERT INTO `suscripciones` (`id`, `fecha_inicio`, `fecha_renovacion`, `forma_pago`, `usuarios_premium_id`) VALUES (55, '1995-10-01', '1975-06-19', 'TARJETA', 55);
INSERT INTO `suscripciones` (`id`, `fecha_inicio`, `fecha_renovacion`, `forma_pago`, `usuarios_premium_id`) VALUES (56, '2021-11-24', '2004-01-12', 'PAYPAL', 56);
INSERT INTO `suscripciones` (`id`, `fecha_inicio`, `fecha_renovacion`, `forma_pago`, `usuarios_premium_id`) VALUES (57, '2007-05-10', '1994-10-11', 'PAYPAL', 57);
INSERT INTO `suscripciones` (`id`, `fecha_inicio`, `fecha_renovacion`, `forma_pago`, `usuarios_premium_id`) VALUES (58, '1975-11-19', '2011-11-30', 'TARJETA', 58);
INSERT INTO `suscripciones` (`id`, `fecha_inicio`, `fecha_renovacion`, `forma_pago`, `usuarios_premium_id`) VALUES (59, '2011-03-07', '1989-10-20', 'TARJETA', 59);
INSERT INTO `suscripciones` (`id`, `fecha_inicio`, `fecha_renovacion`, `forma_pago`, `usuarios_premium_id`) VALUES (60, '2009-06-19', '2003-12-14', 'PAYPAL', 60);
INSERT INTO `suscripciones` (`id`, `fecha_inicio`, `fecha_renovacion`, `forma_pago`, `usuarios_premium_id`) VALUES (61, '2011-02-28', '1983-02-01', 'PAYPAL', 61);
INSERT INTO `suscripciones` (`id`, `fecha_inicio`, `fecha_renovacion`, `forma_pago`, `usuarios_premium_id`) VALUES (62, '1993-11-16', '2004-06-25', 'TARJETA', 62);
INSERT INTO `suscripciones` (`id`, `fecha_inicio`, `fecha_renovacion`, `forma_pago`, `usuarios_premium_id`) VALUES (63, '1985-03-29', '2017-12-14', 'TARJETA', 63);
INSERT INTO `suscripciones` (`id`, `fecha_inicio`, `fecha_renovacion`, `forma_pago`, `usuarios_premium_id`) VALUES (64, '2020-08-16', '2000-03-11', 'PAYPAL', 64);
INSERT INTO `suscripciones` (`id`, `fecha_inicio`, `fecha_renovacion`, `forma_pago`, `usuarios_premium_id`) VALUES (65, '1996-04-08', '2000-01-17', 'PAYPAL', 65);
INSERT INTO `suscripciones` (`id`, `fecha_inicio`, `fecha_renovacion`, `forma_pago`, `usuarios_premium_id`) VALUES (66, '2004-11-21', '2005-04-08', 'PAYPAL', 66);
INSERT INTO `suscripciones` (`id`, `fecha_inicio`, `fecha_renovacion`, `forma_pago`, `usuarios_premium_id`) VALUES (67, '1996-03-18', '2010-12-08', 'PAYPAL', 67);
INSERT INTO `suscripciones` (`id`, `fecha_inicio`, `fecha_renovacion`, `forma_pago`, `usuarios_premium_id`) VALUES (68, '2013-03-26', '1987-01-10', 'TARJETA', 68);
INSERT INTO `suscripciones` (`id`, `fecha_inicio`, `fecha_renovacion`, `forma_pago`, `usuarios_premium_id`) VALUES (69, '2020-11-30', '1974-03-05', 'TARJETA', 69);
INSERT INTO `suscripciones` (`id`, `fecha_inicio`, `fecha_renovacion`, `forma_pago`, `usuarios_premium_id`) VALUES (70, '1981-12-03', '2017-04-02', 'TARJETA', 70);
INSERT INTO `suscripciones` (`id`, `fecha_inicio`, `fecha_renovacion`, `forma_pago`, `usuarios_premium_id`) VALUES (71, '1972-01-14', '1995-11-02', 'TARJETA', 71);
INSERT INTO `suscripciones` (`id`, `fecha_inicio`, `fecha_renovacion`, `forma_pago`, `usuarios_premium_id`) VALUES (72, '1971-04-16', '1998-06-21', 'PAYPAL', 72);
INSERT INTO `suscripciones` (`id`, `fecha_inicio`, `fecha_renovacion`, `forma_pago`, `usuarios_premium_id`) VALUES (73, '1997-02-20', '2022-05-24', 'PAYPAL', 73);
INSERT INTO `suscripciones` (`id`, `fecha_inicio`, `fecha_renovacion`, `forma_pago`, `usuarios_premium_id`) VALUES (74, '1995-01-24', '1988-03-08', 'TARJETA', 74);
INSERT INTO `suscripciones` (`id`, `fecha_inicio`, `fecha_renovacion`, `forma_pago`, `usuarios_premium_id`) VALUES (75, '2019-02-22', '1999-01-16', 'TARJETA', 75);
INSERT INTO `suscripciones` (`id`, `fecha_inicio`, `fecha_renovacion`, `forma_pago`, `usuarios_premium_id`) VALUES (76, '2010-07-18', '1972-02-11', 'PAYPAL', 76);
INSERT INTO `suscripciones` (`id`, `fecha_inicio`, `fecha_renovacion`, `forma_pago`, `usuarios_premium_id`) VALUES (77, '1979-10-12', '2019-05-26', 'TARJETA', 77);
INSERT INTO `suscripciones` (`id`, `fecha_inicio`, `fecha_renovacion`, `forma_pago`, `usuarios_premium_id`) VALUES (78, '1996-11-25', '1987-03-05', 'PAYPAL', 78);
INSERT INTO `suscripciones` (`id`, `fecha_inicio`, `fecha_renovacion`, `forma_pago`, `usuarios_premium_id`) VALUES (79, '1978-11-11', '2007-05-10', 'TARJETA', 79);
INSERT INTO `suscripciones` (`id`, `fecha_inicio`, `fecha_renovacion`, `forma_pago`, `usuarios_premium_id`) VALUES (80, '2007-05-30', '1973-09-20', 'TARJETA', 80);
INSERT INTO `suscripciones` (`id`, `fecha_inicio`, `fecha_renovacion`, `forma_pago`, `usuarios_premium_id`) VALUES (81, '1992-05-07', '1994-12-04', 'PAYPAL', 81);
INSERT INTO `suscripciones` (`id`, `fecha_inicio`, `fecha_renovacion`, `forma_pago`, `usuarios_premium_id`) VALUES (82, '2020-11-03', '2021-08-18', 'TARJETA', 82);
INSERT INTO `suscripciones` (`id`, `fecha_inicio`, `fecha_renovacion`, `forma_pago`, `usuarios_premium_id`) VALUES (83, '1982-05-02', '1977-08-30', 'PAYPAL', 83);
INSERT INTO `suscripciones` (`id`, `fecha_inicio`, `fecha_renovacion`, `forma_pago`, `usuarios_premium_id`) VALUES (84, '1995-04-20', '1970-06-08', 'PAYPAL', 84);
INSERT INTO `suscripciones` (`id`, `fecha_inicio`, `fecha_renovacion`, `forma_pago`, `usuarios_premium_id`) VALUES (85, '1972-02-19', '1993-08-26', 'TARJETA', 85);
INSERT INTO `suscripciones` (`id`, `fecha_inicio`, `fecha_renovacion`, `forma_pago`, `usuarios_premium_id`) VALUES (86, '1978-11-10', '2021-04-03', 'TARJETA', 86);
INSERT INTO `suscripciones` (`id`, `fecha_inicio`, `fecha_renovacion`, `forma_pago`, `usuarios_premium_id`) VALUES (87, '1981-11-30', '1991-01-01', 'PAYPAL', 87);
INSERT INTO `suscripciones` (`id`, `fecha_inicio`, `fecha_renovacion`, `forma_pago`, `usuarios_premium_id`) VALUES (88, '2004-04-08', '1986-01-29', 'PAYPAL', 88);
INSERT INTO `suscripciones` (`id`, `fecha_inicio`, `fecha_renovacion`, `forma_pago`, `usuarios_premium_id`) VALUES (89, '2007-09-15', '1971-11-01', 'TARJETA', 89);
INSERT INTO `suscripciones` (`id`, `fecha_inicio`, `fecha_renovacion`, `forma_pago`, `usuarios_premium_id`) VALUES (90, '1982-02-18', '2010-11-04', 'PAYPAL', 90);
INSERT INTO `suscripciones` (`id`, `fecha_inicio`, `fecha_renovacion`, `forma_pago`, `usuarios_premium_id`) VALUES (91, '1997-01-28', '1987-10-29', 'PAYPAL', 91);
INSERT INTO `suscripciones` (`id`, `fecha_inicio`, `fecha_renovacion`, `forma_pago`, `usuarios_premium_id`) VALUES (92, '2004-10-05', '2017-12-02', 'TARJETA', 92);
INSERT INTO `suscripciones` (`id`, `fecha_inicio`, `fecha_renovacion`, `forma_pago`, `usuarios_premium_id`) VALUES (93, '1990-08-03', '1995-05-09', 'TARJETA', 93);
INSERT INTO `suscripciones` (`id`, `fecha_inicio`, `fecha_renovacion`, `forma_pago`, `usuarios_premium_id`) VALUES (94, '2007-06-14', '2011-10-14', 'PAYPAL', 94);
INSERT INTO `suscripciones` (`id`, `fecha_inicio`, `fecha_renovacion`, `forma_pago`, `usuarios_premium_id`) VALUES (95, '1977-10-17', '2017-04-21', 'TARJETA', 95);
INSERT INTO `suscripciones` (`id`, `fecha_inicio`, `fecha_renovacion`, `forma_pago`, `usuarios_premium_id`) VALUES (96, '2008-08-24', '1977-02-14', 'PAYPAL', 96);
INSERT INTO `suscripciones` (`id`, `fecha_inicio`, `fecha_renovacion`, `forma_pago`, `usuarios_premium_id`) VALUES (97, '1993-05-01', '1988-06-28', 'PAYPAL', 97);
INSERT INTO `suscripciones` (`id`, `fecha_inicio`, `fecha_renovacion`, `forma_pago`, `usuarios_premium_id`) VALUES (98, '1990-04-06', '2001-03-15', 'PAYPAL', 98);
INSERT INTO `suscripciones` (`id`, `fecha_inicio`, `fecha_renovacion`, `forma_pago`, `usuarios_premium_id`) VALUES (99, '1982-06-28', '1988-08-01', 'PAYPAL', 99);
INSERT INTO `suscripciones` (`id`, `fecha_inicio`, `fecha_renovacion`, `forma_pago`, `usuarios_premium_id`) VALUES (100, '1978-04-08', '2001-11-29', 'PAYPAL', 100);

INSERT INTO `tarjetas` (`numero_tarjeta`, `mes_caducidad`, `anyo_caducidad`, `codigo_seguridad`, `usuarios_id`) VALUES (1013702, 9, 30, 727, 31);
INSERT INTO `tarjetas` (`numero_tarjeta`, `mes_caducidad`, `anyo_caducidad`, `codigo_seguridad`, `usuarios_id`) VALUES (1053656, 11, 33, 831, 10);
INSERT INTO `tarjetas` (`numero_tarjeta`, `mes_caducidad`, `anyo_caducidad`, `codigo_seguridad`, `usuarios_id`) VALUES (1074757, 9, 30, 446, 66);
INSERT INTO `tarjetas` (`numero_tarjeta`, `mes_caducidad`, `anyo_caducidad`, `codigo_seguridad`, `usuarios_id`) VALUES (1090606, 11, 16, 558, 39);
INSERT INTO `tarjetas` (`numero_tarjeta`, `mes_caducidad`, `anyo_caducidad`, `codigo_seguridad`, `usuarios_id`) VALUES (1094230, 9, 10, 239, 52);
INSERT INTO `tarjetas` (`numero_tarjeta`, `mes_caducidad`, `anyo_caducidad`, `codigo_seguridad`, `usuarios_id`) VALUES (1202494, 10, 17, 148, 23);
INSERT INTO `tarjetas` (`numero_tarjeta`, `mes_caducidad`, `anyo_caducidad`, `codigo_seguridad`, `usuarios_id`) VALUES (1295738, 2, 24, 554, 62);
INSERT INTO `tarjetas` (`numero_tarjeta`, `mes_caducidad`, `anyo_caducidad`, `codigo_seguridad`, `usuarios_id`) VALUES (1513527, 1, 22, 289, 22);
INSERT INTO `tarjetas` (`numero_tarjeta`, `mes_caducidad`, `anyo_caducidad`, `codigo_seguridad`, `usuarios_id`) VALUES (1657545, 7, 13, 516, 14);
INSERT INTO `tarjetas` (`numero_tarjeta`, `mes_caducidad`, `anyo_caducidad`, `codigo_seguridad`, `usuarios_id`) VALUES (1846499, 1, 24, 206, 43);
INSERT INTO `tarjetas` (`numero_tarjeta`, `mes_caducidad`, `anyo_caducidad`, `codigo_seguridad`, `usuarios_id`) VALUES (1897091, 3, 28, 245, 9);
INSERT INTO `tarjetas` (`numero_tarjeta`, `mes_caducidad`, `anyo_caducidad`, `codigo_seguridad`, `usuarios_id`) VALUES (2010993, 12, 31, 189, 7);
INSERT INTO `tarjetas` (`numero_tarjeta`, `mes_caducidad`, `anyo_caducidad`, `codigo_seguridad`, `usuarios_id`) VALUES (2031196, 9, 34, 484, 65);
INSERT INTO `tarjetas` (`numero_tarjeta`, `mes_caducidad`, `anyo_caducidad`, `codigo_seguridad`, `usuarios_id`) VALUES (2150286, 7, 13, 771, 46);
INSERT INTO `tarjetas` (`numero_tarjeta`, `mes_caducidad`, `anyo_caducidad`, `codigo_seguridad`, `usuarios_id`) VALUES (2356415, 1, 22, 115, 1);
INSERT INTO `tarjetas` (`numero_tarjeta`, `mes_caducidad`, `anyo_caducidad`, `codigo_seguridad`, `usuarios_id`) VALUES (2387283, 4, 35, 893, 96);
INSERT INTO `tarjetas` (`numero_tarjeta`, `mes_caducidad`, `anyo_caducidad`, `codigo_seguridad`, `usuarios_id`) VALUES (2388250, 5, 16, 727, 25);
INSERT INTO `tarjetas` (`numero_tarjeta`, `mes_caducidad`, `anyo_caducidad`, `codigo_seguridad`, `usuarios_id`) VALUES (2412221, 3, 33, 594, 72);
INSERT INTO `tarjetas` (`numero_tarjeta`, `mes_caducidad`, `anyo_caducidad`, `codigo_seguridad`, `usuarios_id`) VALUES (2438878, 11, 19, 167, 78);
INSERT INTO `tarjetas` (`numero_tarjeta`, `mes_caducidad`, `anyo_caducidad`, `codigo_seguridad`, `usuarios_id`) VALUES (2462366, 12, 29, 590, 4);
INSERT INTO `tarjetas` (`numero_tarjeta`, `mes_caducidad`, `anyo_caducidad`, `codigo_seguridad`, `usuarios_id`) VALUES (2594633, 2, 17, 563, 64);
INSERT INTO `tarjetas` (`numero_tarjeta`, `mes_caducidad`, `anyo_caducidad`, `codigo_seguridad`, `usuarios_id`) VALUES (2599741, 4, 13, 440, 83);
INSERT INTO `tarjetas` (`numero_tarjeta`, `mes_caducidad`, `anyo_caducidad`, `codigo_seguridad`, `usuarios_id`) VALUES (2705647, 4, 13, 705, 47);
INSERT INTO `tarjetas` (`numero_tarjeta`, `mes_caducidad`, `anyo_caducidad`, `codigo_seguridad`, `usuarios_id`) VALUES (2979046, 12, 29, 724, 34);
INSERT INTO `tarjetas` (`numero_tarjeta`, `mes_caducidad`, `anyo_caducidad`, `codigo_seguridad`, `usuarios_id`) VALUES (3189082, 11, 25, 295, 36);
INSERT INTO `tarjetas` (`numero_tarjeta`, `mes_caducidad`, `anyo_caducidad`, `codigo_seguridad`, `usuarios_id`) VALUES (3215442, 6, 23, 599, 12);
INSERT INTO `tarjetas` (`numero_tarjeta`, `mes_caducidad`, `anyo_caducidad`, `codigo_seguridad`, `usuarios_id`) VALUES (3231280, 4, 20, 730, 44);
INSERT INTO `tarjetas` (`numero_tarjeta`, `mes_caducidad`, `anyo_caducidad`, `codigo_seguridad`, `usuarios_id`) VALUES (3410069, 2, 15, 671, 86);
INSERT INTO `tarjetas` (`numero_tarjeta`, `mes_caducidad`, `anyo_caducidad`, `codigo_seguridad`, `usuarios_id`) VALUES (3444247, 11, 22, 495, 18);
INSERT INTO `tarjetas` (`numero_tarjeta`, `mes_caducidad`, `anyo_caducidad`, `codigo_seguridad`, `usuarios_id`) VALUES (3445950, 5, 23, 123, 79);
INSERT INTO `tarjetas` (`numero_tarjeta`, `mes_caducidad`, `anyo_caducidad`, `codigo_seguridad`, `usuarios_id`) VALUES (3462397, 4, 18, 340, 49);
INSERT INTO `tarjetas` (`numero_tarjeta`, `mes_caducidad`, `anyo_caducidad`, `codigo_seguridad`, `usuarios_id`) VALUES (3477343, 6, 21, 295, 98);
INSERT INTO `tarjetas` (`numero_tarjeta`, `mes_caducidad`, `anyo_caducidad`, `codigo_seguridad`, `usuarios_id`) VALUES (3771691, 7, 26, 191, 76);
INSERT INTO `tarjetas` (`numero_tarjeta`, `mes_caducidad`, `anyo_caducidad`, `codigo_seguridad`, `usuarios_id`) VALUES (3819076, 10, 20, 813, 68);
INSERT INTO `tarjetas` (`numero_tarjeta`, `mes_caducidad`, `anyo_caducidad`, `codigo_seguridad`, `usuarios_id`) VALUES (3828138, 9, 14, 770, 61);
INSERT INTO `tarjetas` (`numero_tarjeta`, `mes_caducidad`, `anyo_caducidad`, `codigo_seguridad`, `usuarios_id`) VALUES (4011518, 9, 19, 976, 51);
INSERT INTO `tarjetas` (`numero_tarjeta`, `mes_caducidad`, `anyo_caducidad`, `codigo_seguridad`, `usuarios_id`) VALUES (4019199, 6, 28, 744, 99);
INSERT INTO `tarjetas` (`numero_tarjeta`, `mes_caducidad`, `anyo_caducidad`, `codigo_seguridad`, `usuarios_id`) VALUES (4121816, 11, 16, 103, 59);
INSERT INTO `tarjetas` (`numero_tarjeta`, `mes_caducidad`, `anyo_caducidad`, `codigo_seguridad`, `usuarios_id`) VALUES (4121933, 2, 17, 853, 24);
INSERT INTO `tarjetas` (`numero_tarjeta`, `mes_caducidad`, `anyo_caducidad`, `codigo_seguridad`, `usuarios_id`) VALUES (4165408, 5, 15, 637, 50);
INSERT INTO `tarjetas` (`numero_tarjeta`, `mes_caducidad`, `anyo_caducidad`, `codigo_seguridad`, `usuarios_id`) VALUES (4220318, 12, 14, 601, 38);
INSERT INTO `tarjetas` (`numero_tarjeta`, `mes_caducidad`, `anyo_caducidad`, `codigo_seguridad`, `usuarios_id`) VALUES (4343056, 1, 23, 443, 57);
INSERT INTO `tarjetas` (`numero_tarjeta`, `mes_caducidad`, `anyo_caducidad`, `codigo_seguridad`, `usuarios_id`) VALUES (4504575, 12, 25, 531, 2);
INSERT INTO `tarjetas` (`numero_tarjeta`, `mes_caducidad`, `anyo_caducidad`, `codigo_seguridad`, `usuarios_id`) VALUES (4514953, 10, 27, 658, 15);
INSERT INTO `tarjetas` (`numero_tarjeta`, `mes_caducidad`, `anyo_caducidad`, `codigo_seguridad`, `usuarios_id`) VALUES (4562029, 8, 10, 708, 81);
INSERT INTO `tarjetas` (`numero_tarjeta`, `mes_caducidad`, `anyo_caducidad`, `codigo_seguridad`, `usuarios_id`) VALUES (4898218, 3, 11, 676, 37);
INSERT INTO `tarjetas` (`numero_tarjeta`, `mes_caducidad`, `anyo_caducidad`, `codigo_seguridad`, `usuarios_id`) VALUES (4923338, 7, 20, 322, 95);
INSERT INTO `tarjetas` (`numero_tarjeta`, `mes_caducidad`, `anyo_caducidad`, `codigo_seguridad`, `usuarios_id`) VALUES (4925486, 3, 15, 320, 26);
INSERT INTO `tarjetas` (`numero_tarjeta`, `mes_caducidad`, `anyo_caducidad`, `codigo_seguridad`, `usuarios_id`) VALUES (5156994, 10, 23, 293, 80);
INSERT INTO `tarjetas` (`numero_tarjeta`, `mes_caducidad`, `anyo_caducidad`, `codigo_seguridad`, `usuarios_id`) VALUES (5197556, 7, 35, 357, 100);
INSERT INTO `tarjetas` (`numero_tarjeta`, `mes_caducidad`, `anyo_caducidad`, `codigo_seguridad`, `usuarios_id`) VALUES (5204622, 1, 10, 474, 17);
INSERT INTO `tarjetas` (`numero_tarjeta`, `mes_caducidad`, `anyo_caducidad`, `codigo_seguridad`, `usuarios_id`) VALUES (5212547, 4, 17, 898, 67);
INSERT INTO `tarjetas` (`numero_tarjeta`, `mes_caducidad`, `anyo_caducidad`, `codigo_seguridad`, `usuarios_id`) VALUES (5244200, 1, 33, 778, 89);
INSERT INTO `tarjetas` (`numero_tarjeta`, `mes_caducidad`, `anyo_caducidad`, `codigo_seguridad`, `usuarios_id`) VALUES (5248637, 8, 28, 684, 54);
INSERT INTO `tarjetas` (`numero_tarjeta`, `mes_caducidad`, `anyo_caducidad`, `codigo_seguridad`, `usuarios_id`) VALUES (5375746, 7, 10, 414, 60);
INSERT INTO `tarjetas` (`numero_tarjeta`, `mes_caducidad`, `anyo_caducidad`, `codigo_seguridad`, `usuarios_id`) VALUES (5396324, 7, 26, 674, 91);
INSERT INTO `tarjetas` (`numero_tarjeta`, `mes_caducidad`, `anyo_caducidad`, `codigo_seguridad`, `usuarios_id`) VALUES (5779649, 1, 21, 322, 33);
INSERT INTO `tarjetas` (`numero_tarjeta`, `mes_caducidad`, `anyo_caducidad`, `codigo_seguridad`, `usuarios_id`) VALUES (5885780, 11, 21, 399, 58);
INSERT INTO `tarjetas` (`numero_tarjeta`, `mes_caducidad`, `anyo_caducidad`, `codigo_seguridad`, `usuarios_id`) VALUES (6324906, 5, 16, 612, 97);
INSERT INTO `tarjetas` (`numero_tarjeta`, `mes_caducidad`, `anyo_caducidad`, `codigo_seguridad`, `usuarios_id`) VALUES (6376217, 6, 20, 204, 87);
INSERT INTO `tarjetas` (`numero_tarjeta`, `mes_caducidad`, `anyo_caducidad`, `codigo_seguridad`, `usuarios_id`) VALUES (6648819, 12, 31, 667, 90);
INSERT INTO `tarjetas` (`numero_tarjeta`, `mes_caducidad`, `anyo_caducidad`, `codigo_seguridad`, `usuarios_id`) VALUES (6721148, 5, 13, 353, 21);
INSERT INTO `tarjetas` (`numero_tarjeta`, `mes_caducidad`, `anyo_caducidad`, `codigo_seguridad`, `usuarios_id`) VALUES (6798145, 4, 32, 821, 69);
INSERT INTO `tarjetas` (`numero_tarjeta`, `mes_caducidad`, `anyo_caducidad`, `codigo_seguridad`, `usuarios_id`) VALUES (6891766, 7, 19, 682, 88);
INSERT INTO `tarjetas` (`numero_tarjeta`, `mes_caducidad`, `anyo_caducidad`, `codigo_seguridad`, `usuarios_id`) VALUES (7075034, 10, 27, 383, 53);
INSERT INTO `tarjetas` (`numero_tarjeta`, `mes_caducidad`, `anyo_caducidad`, `codigo_seguridad`, `usuarios_id`) VALUES (7292619, 1, 35, 162, 82);
INSERT INTO `tarjetas` (`numero_tarjeta`, `mes_caducidad`, `anyo_caducidad`, `codigo_seguridad`, `usuarios_id`) VALUES (7491939, 3, 35, 779, 71);
INSERT INTO `tarjetas` (`numero_tarjeta`, `mes_caducidad`, `anyo_caducidad`, `codigo_seguridad`, `usuarios_id`) VALUES (7516401, 7, 31, 589, 84);
INSERT INTO `tarjetas` (`numero_tarjeta`, `mes_caducidad`, `anyo_caducidad`, `codigo_seguridad`, `usuarios_id`) VALUES (7530958, 2, 14, 862, 35);
INSERT INTO `tarjetas` (`numero_tarjeta`, `mes_caducidad`, `anyo_caducidad`, `codigo_seguridad`, `usuarios_id`) VALUES (7639501, 9, 22, 910, 28);
INSERT INTO `tarjetas` (`numero_tarjeta`, `mes_caducidad`, `anyo_caducidad`, `codigo_seguridad`, `usuarios_id`) VALUES (7904230, 9, 20, 365, 93);
INSERT INTO `tarjetas` (`numero_tarjeta`, `mes_caducidad`, `anyo_caducidad`, `codigo_seguridad`, `usuarios_id`) VALUES (7914356, 5, 18, 531, 20);
INSERT INTO `tarjetas` (`numero_tarjeta`, `mes_caducidad`, `anyo_caducidad`, `codigo_seguridad`, `usuarios_id`) VALUES (8058973, 5, 12, 562, 27);
INSERT INTO `tarjetas` (`numero_tarjeta`, `mes_caducidad`, `anyo_caducidad`, `codigo_seguridad`, `usuarios_id`) VALUES (8059227, 12, 32, 700, 3);
INSERT INTO `tarjetas` (`numero_tarjeta`, `mes_caducidad`, `anyo_caducidad`, `codigo_seguridad`, `usuarios_id`) VALUES (8244617, 5, 24, 531, 29);
INSERT INTO `tarjetas` (`numero_tarjeta`, `mes_caducidad`, `anyo_caducidad`, `codigo_seguridad`, `usuarios_id`) VALUES (8267741, 12, 12, 319, 75);
INSERT INTO `tarjetas` (`numero_tarjeta`, `mes_caducidad`, `anyo_caducidad`, `codigo_seguridad`, `usuarios_id`) VALUES (8292981, 11, 28, 295, 41);
INSERT INTO `tarjetas` (`numero_tarjeta`, `mes_caducidad`, `anyo_caducidad`, `codigo_seguridad`, `usuarios_id`) VALUES (8317825, 1, 35, 216, 55);
INSERT INTO `tarjetas` (`numero_tarjeta`, `mes_caducidad`, `anyo_caducidad`, `codigo_seguridad`, `usuarios_id`) VALUES (8344533, 7, 20, 318, 94);
INSERT INTO `tarjetas` (`numero_tarjeta`, `mes_caducidad`, `anyo_caducidad`, `codigo_seguridad`, `usuarios_id`) VALUES (8458504, 12, 32, 445, 13);
INSERT INTO `tarjetas` (`numero_tarjeta`, `mes_caducidad`, `anyo_caducidad`, `codigo_seguridad`, `usuarios_id`) VALUES (8500591, 7, 35, 711, 74);
INSERT INTO `tarjetas` (`numero_tarjeta`, `mes_caducidad`, `anyo_caducidad`, `codigo_seguridad`, `usuarios_id`) VALUES (8519665, 9, 35, 466, 32);
INSERT INTO `tarjetas` (`numero_tarjeta`, `mes_caducidad`, `anyo_caducidad`, `codigo_seguridad`, `usuarios_id`) VALUES (8640547, 2, 31, 582, 11);
INSERT INTO `tarjetas` (`numero_tarjeta`, `mes_caducidad`, `anyo_caducidad`, `codigo_seguridad`, `usuarios_id`) VALUES (8653238, 9, 21, 538, 8);
INSERT INTO `tarjetas` (`numero_tarjeta`, `mes_caducidad`, `anyo_caducidad`, `codigo_seguridad`, `usuarios_id`) VALUES (8706276, 7, 19, 453, 42);
INSERT INTO `tarjetas` (`numero_tarjeta`, `mes_caducidad`, `anyo_caducidad`, `codigo_seguridad`, `usuarios_id`) VALUES (8797606, 7, 26, 956, 63);
INSERT INTO `tarjetas` (`numero_tarjeta`, `mes_caducidad`, `anyo_caducidad`, `codigo_seguridad`, `usuarios_id`) VALUES (8873171, 6, 17, 780, 16);
INSERT INTO `tarjetas` (`numero_tarjeta`, `mes_caducidad`, `anyo_caducidad`, `codigo_seguridad`, `usuarios_id`) VALUES (9004654, 6, 30, 749, 92);
INSERT INTO `tarjetas` (`numero_tarjeta`, `mes_caducidad`, `anyo_caducidad`, `codigo_seguridad`, `usuarios_id`) VALUES (9055648, 7, 22, 855, 5);
INSERT INTO `tarjetas` (`numero_tarjeta`, `mes_caducidad`, `anyo_caducidad`, `codigo_seguridad`, `usuarios_id`) VALUES (9209741, 10, 35, 589, 85);
INSERT INTO `tarjetas` (`numero_tarjeta`, `mes_caducidad`, `anyo_caducidad`, `codigo_seguridad`, `usuarios_id`) VALUES (9301339, 4, 32, 243, 40);
INSERT INTO `tarjetas` (`numero_tarjeta`, `mes_caducidad`, `anyo_caducidad`, `codigo_seguridad`, `usuarios_id`) VALUES (9307817, 3, 32, 827, 70);
INSERT INTO `tarjetas` (`numero_tarjeta`, `mes_caducidad`, `anyo_caducidad`, `codigo_seguridad`, `usuarios_id`) VALUES (9443386, 3, 21, 117, 48);
INSERT INTO `tarjetas` (`numero_tarjeta`, `mes_caducidad`, `anyo_caducidad`, `codigo_seguridad`, `usuarios_id`) VALUES (9451657, 12, 27, 346, 56);
INSERT INTO `tarjetas` (`numero_tarjeta`, `mes_caducidad`, `anyo_caducidad`, `codigo_seguridad`, `usuarios_id`) VALUES (9472092, 4, 17, 870, 6);
INSERT INTO `tarjetas` (`numero_tarjeta`, `mes_caducidad`, `anyo_caducidad`, `codigo_seguridad`, `usuarios_id`) VALUES (9510754, 4, 31, 139, 19);
INSERT INTO `tarjetas` (`numero_tarjeta`, `mes_caducidad`, `anyo_caducidad`, `codigo_seguridad`, `usuarios_id`) VALUES (9552333, 1, 27, 263, 77);
INSERT INTO `tarjetas` (`numero_tarjeta`, `mes_caducidad`, `anyo_caducidad`, `codigo_seguridad`, `usuarios_id`) VALUES (9658556, 11, 19, 226, 73);
INSERT INTO `tarjetas` (`numero_tarjeta`, `mes_caducidad`, `anyo_caducidad`, `codigo_seguridad`, `usuarios_id`) VALUES (9687584, 1, 19, 973, 30);
INSERT INTO `tarjetas` (`numero_tarjeta`, `mes_caducidad`, `anyo_caducidad`, `codigo_seguridad`, `usuarios_id`) VALUES (9975273, 7, 29, 979, 45);

INSERT INTO `usuarios` (`id`, `email`, `nombre_usuario`, `fecha_nacimiento`, `sexo`, `pais`, `codigo_postal`, `premium`) VALUES (1, 'kilback.boyd@example.org', 'Imelda', '2008-06-13', 'O', 'Uganda', '47719', 0);
INSERT INTO `usuarios` (`id`, `email`, `nombre_usuario`, `fecha_nacimiento`, `sexo`, `pais`, `codigo_postal`, `premium`) VALUES (2, 'mateo.torphy@example.com', 'Terrell', '2009-05-25', 'M', 'Colombia', '18858', 1);
INSERT INTO `usuarios` (`id`, `email`, `nombre_usuario`, `fecha_nacimiento`, `sexo`, `pais`, `codigo_postal`, `premium`) VALUES (3, 'fmiller@example.net', 'Nick', '1987-08-27', 'M', 'Palestinian Territory', '93992', 0);
INSERT INTO `usuarios` (`id`, `email`, `nombre_usuario`, `fecha_nacimiento`, `sexo`, `pais`, `codigo_postal`, `premium`) VALUES (4, 'thessel@example.com', 'Earlene', '1987-07-19', 'O', 'New Zealand', '39335', 1);
INSERT INTO `usuarios` (`id`, `email`, `nombre_usuario`, `fecha_nacimiento`, `sexo`, `pais`, `codigo_postal`, `premium`) VALUES (5, 'bins.mathias@example.org', 'Hank', '2014-08-22', 'O', 'Jordan', '40127', 1);
INSERT INTO `usuarios` (`id`, `email`, `nombre_usuario`, `fecha_nacimiento`, `sexo`, `pais`, `codigo_postal`, `premium`) VALUES (6, 'edd.johnston@example.com', 'Barney', '1977-07-24', 'M', 'Syrian Arab Republic', '16226', 1);
INSERT INTO `usuarios` (`id`, `email`, `nombre_usuario`, `fecha_nacimiento`, `sexo`, `pais`, `codigo_postal`, `premium`) VALUES (7, 'koepp.janie@example.net', 'Haley', '2012-01-01', 'O', 'Antigua and Barbuda', '02880', 1);
INSERT INTO `usuarios` (`id`, `email`, `nombre_usuario`, `fecha_nacimiento`, `sexo`, `pais`, `codigo_postal`, `premium`) VALUES (8, 'murazik.harold@example.org', 'Crawford', '2004-01-23', 'M', 'Marshall Islands', '51407', 0);
INSERT INTO `usuarios` (`id`, `email`, `nombre_usuario`, `fecha_nacimiento`, `sexo`, `pais`, `codigo_postal`, `premium`) VALUES (9, 'kessler.jaycee@example.net', 'Catharine', '1996-05-16', 'F', 'Palau', '54311', 1);
INSERT INTO `usuarios` (`id`, `email`, `nombre_usuario`, `fecha_nacimiento`, `sexo`, `pais`, `codigo_postal`, `premium`) VALUES (10, 'okuneva.ludie@example.net', 'Rene', '2006-10-11', 'M', 'Jordan', '51505', 0);
INSERT INTO `usuarios` (`id`, `email`, `nombre_usuario`, `fecha_nacimiento`, `sexo`, `pais`, `codigo_postal`, `premium`) VALUES (11, 'karelle.kunde@example.net', 'Julia', '1983-10-01', 'F', 'Germany', '51725', 1);
INSERT INTO `usuarios` (`id`, `email`, `nombre_usuario`, `fecha_nacimiento`, `sexo`, `pais`, `codigo_postal`, `premium`) VALUES (12, 'ruby.daniel@example.org', 'Jayden', '2010-03-10', 'O', 'Peru', '38830', 1);
INSERT INTO `usuarios` (`id`, `email`, `nombre_usuario`, `fecha_nacimiento`, `sexo`, `pais`, `codigo_postal`, `premium`) VALUES (13, 'kameron80@example.net', 'Beth', '1990-05-05', 'M', 'Ghana', '34634', 1);
INSERT INTO `usuarios` (`id`, `email`, `nombre_usuario`, `fecha_nacimiento`, `sexo`, `pais`, `codigo_postal`, `premium`) VALUES (14, 'kacie09@example.org', 'Larue', '1988-07-30', 'O', 'Azerbaijan', '82337', 1);
INSERT INTO `usuarios` (`id`, `email`, `nombre_usuario`, `fecha_nacimiento`, `sexo`, `pais`, `codigo_postal`, `premium`) VALUES (15, 'leda46@example.net', 'Hollie', '1976-11-01', 'O', 'Rwanda', '01372', 1);
INSERT INTO `usuarios` (`id`, `email`, `nombre_usuario`, `fecha_nacimiento`, `sexo`, `pais`, `codigo_postal`, `premium`) VALUES (16, 'tito.lubowitz@example.net', 'Jamison', '2020-11-16', 'M', 'Afghanistan', '55596', 1);
INSERT INTO `usuarios` (`id`, `email`, `nombre_usuario`, `fecha_nacimiento`, `sexo`, `pais`, `codigo_postal`, `premium`) VALUES (17, 'orin.jenkins@example.net', 'Samantha', '1997-01-01', 'F', 'Brunei Darussalam', '00400', 0);
INSERT INTO `usuarios` (`id`, `email`, `nombre_usuario`, `fecha_nacimiento`, `sexo`, `pais`, `codigo_postal`, `premium`) VALUES (18, 'gberge@example.com', 'Cristobal', '1983-07-30', 'M', 'Brunei Darussalam', '44330', 1);
INSERT INTO `usuarios` (`id`, `email`, `nombre_usuario`, `fecha_nacimiento`, `sexo`, `pais`, `codigo_postal`, `premium`) VALUES (19, 'muller.susan@example.net', 'Eveline', '1985-11-12', 'O', 'Saint Martin', '56296', 1);
INSERT INTO `usuarios` (`id`, `email`, `nombre_usuario`, `fecha_nacimiento`, `sexo`, `pais`, `codigo_postal`, `premium`) VALUES (20, 'ytorphy@example.org', 'Noel', '1996-07-07', 'F', 'Guam', '48022', 1);
INSERT INTO `usuarios` (`id`, `email`, `nombre_usuario`, `fecha_nacimiento`, `sexo`, `pais`, `codigo_postal`, `premium`) VALUES (21, 'lillian.stoltenberg@example.org', 'Cora', '2013-12-09', 'M', 'Italy', '25083', 0);
INSERT INTO `usuarios` (`id`, `email`, `nombre_usuario`, `fecha_nacimiento`, `sexo`, `pais`, `codigo_postal`, `premium`) VALUES (22, 'pdare@example.net', 'Eliza', '2014-04-13', 'M', 'Tanzania', '96743', 0);
INSERT INTO `usuarios` (`id`, `email`, `nombre_usuario`, `fecha_nacimiento`, `sexo`, `pais`, `codigo_postal`, `premium`) VALUES (23, 'iquigley@example.net', 'Ross', '1983-07-12', 'F', 'Mexico', '06341', 1);
INSERT INTO `usuarios` (`id`, `email`, `nombre_usuario`, `fecha_nacimiento`, `sexo`, `pais`, `codigo_postal`, `premium`) VALUES (24, 'rgislason@example.org', 'Earnest', '1983-10-01', 'O', 'South Georgia and the South Sandwich Islands', '43793', 1);
INSERT INTO `usuarios` (`id`, `email`, `nombre_usuario`, `fecha_nacimiento`, `sexo`, `pais`, `codigo_postal`, `premium`) VALUES (25, 'rogahn.meggie@example.net', 'Davon', '1978-10-15', 'F', 'Antarctica (the territory South of 60 deg S)', '95289', 1);
INSERT INTO `usuarios` (`id`, `email`, `nombre_usuario`, `fecha_nacimiento`, `sexo`, `pais`, `codigo_postal`, `premium`) VALUES (26, 'green.hudson@example.com', 'Janet', '1998-08-26', 'O', 'Bahrain', '56493', 1);
INSERT INTO `usuarios` (`id`, `email`, `nombre_usuario`, `fecha_nacimiento`, `sexo`, `pais`, `codigo_postal`, `premium`) VALUES (27, 'quitzon.jaquelin@example.net', 'Kristin', '2020-04-07', 'F', 'Cayman Islands', '01300', 1);
INSERT INTO `usuarios` (`id`, `email`, `nombre_usuario`, `fecha_nacimiento`, `sexo`, `pais`, `codigo_postal`, `premium`) VALUES (28, 'xkoss@example.org', 'Nola', '1992-12-17', 'O', 'Falkland Islands (Malvinas)', '65850', 0);
INSERT INTO `usuarios` (`id`, `email`, `nombre_usuario`, `fecha_nacimiento`, `sexo`, `pais`, `codigo_postal`, `premium`) VALUES (29, 'donna.padberg@example.net', 'Rocio', '2007-06-25', 'O', 'Sierra Leone', '85956', 1);
INSERT INTO `usuarios` (`id`, `email`, `nombre_usuario`, `fecha_nacimiento`, `sexo`, `pais`, `codigo_postal`, `premium`) VALUES (30, 'angie50@example.org', 'Lonie', '1985-11-24', 'O', 'Wallis and Futuna', '85099', 1);
INSERT INTO `usuarios` (`id`, `email`, `nombre_usuario`, `fecha_nacimiento`, `sexo`, `pais`, `codigo_postal`, `premium`) VALUES (31, 'colten25@example.net', 'Marcelle', '1989-05-31', 'M', 'Heard Island and McDonald Islands', '08687', 0);
INSERT INTO `usuarios` (`id`, `email`, `nombre_usuario`, `fecha_nacimiento`, `sexo`, `pais`, `codigo_postal`, `premium`) VALUES (32, 'kasandra.bahringer@example.org', 'Brent', '2020-09-18', 'M', 'Cocos (Keeling) Islands', '43243', 1);
INSERT INTO `usuarios` (`id`, `email`, `nombre_usuario`, `fecha_nacimiento`, `sexo`, `pais`, `codigo_postal`, `premium`) VALUES (33, 'alysson17@example.com', 'Malcolm', '2011-06-06', 'M', 'Montenegro', '07977', 1);
INSERT INTO `usuarios` (`id`, `email`, `nombre_usuario`, `fecha_nacimiento`, `sexo`, `pais`, `codigo_postal`, `premium`) VALUES (34, 'josiane.bartell@example.org', 'Hertha', '2015-10-12', 'F', 'Iran', '69285', 1);
INSERT INTO `usuarios` (`id`, `email`, `nombre_usuario`, `fecha_nacimiento`, `sexo`, `pais`, `codigo_postal`, `premium`) VALUES (35, 'darrel26@example.net', 'Marisol', '1987-09-03', 'F', 'Palestinian Territory', '21741', 1);
INSERT INTO `usuarios` (`id`, `email`, `nombre_usuario`, `fecha_nacimiento`, `sexo`, `pais`, `codigo_postal`, `premium`) VALUES (36, 'douglas.afton@example.com', 'Jamey', '1983-02-10', 'M', 'Togo', '30051', 0);
INSERT INTO `usuarios` (`id`, `email`, `nombre_usuario`, `fecha_nacimiento`, `sexo`, `pais`, `codigo_postal`, `premium`) VALUES (37, 'alaina85@example.com', 'Ollie', '2015-10-30', 'O', 'Guinea-Bissau', '06024', 0);
INSERT INTO `usuarios` (`id`, `email`, `nombre_usuario`, `fecha_nacimiento`, `sexo`, `pais`, `codigo_postal`, `premium`) VALUES (38, 'lindgren.hilma@example.net', 'Celestine', '2001-01-06', 'F', 'Germany', '91339', 0);
INSERT INTO `usuarios` (`id`, `email`, `nombre_usuario`, `fecha_nacimiento`, `sexo`, `pais`, `codigo_postal`, `premium`) VALUES (39, 'raynor.eda@example.org', 'Natasha', '2020-02-06', 'O', 'Bolivia', '51002', 1);
INSERT INTO `usuarios` (`id`, `email`, `nombre_usuario`, `fecha_nacimiento`, `sexo`, `pais`, `codigo_postal`, `premium`) VALUES (40, 'lue31@example.org', 'Arturo', '2000-02-25', 'M', 'Somalia', '21259', 1);
INSERT INTO `usuarios` (`id`, `email`, `nombre_usuario`, `fecha_nacimiento`, `sexo`, `pais`, `codigo_postal`, `premium`) VALUES (41, 'rrippin@example.net', 'Myrtis', '2002-07-31', 'F', 'Trinidad and Tobago', '20668', 0);
INSERT INTO `usuarios` (`id`, `email`, `nombre_usuario`, `fecha_nacimiento`, `sexo`, `pais`, `codigo_postal`, `premium`) VALUES (42, 'chester34@example.com', 'Sincere', '1979-02-13', 'F', 'Belarus', '76512', 1);
INSERT INTO `usuarios` (`id`, `email`, `nombre_usuario`, `fecha_nacimiento`, `sexo`, `pais`, `codigo_postal`, `premium`) VALUES (43, 'billy.wyman@example.org', 'Maddison', '1997-08-02', 'F', 'Heard Island and McDonald Islands', '29647', 1);
INSERT INTO `usuarios` (`id`, `email`, `nombre_usuario`, `fecha_nacimiento`, `sexo`, `pais`, `codigo_postal`, `premium`) VALUES (44, 'rtorphy@example.net', 'Faustino', '1980-01-20', 'F', 'Qatar', '08347', 0);
INSERT INTO `usuarios` (`id`, `email`, `nombre_usuario`, `fecha_nacimiento`, `sexo`, `pais`, `codigo_postal`, `premium`) VALUES (45, 'timothy.hoppe@example.com', 'Tristian', '2018-09-24', 'F', 'Cook Islands', '71597', 1);
INSERT INTO `usuarios` (`id`, `email`, `nombre_usuario`, `fecha_nacimiento`, `sexo`, `pais`, `codigo_postal`, `premium`) VALUES (46, 'mcassin@example.org', 'Tyrique', '2010-01-14', 'F', 'Bangladesh', '68255', 0);
INSERT INTO `usuarios` (`id`, `email`, `nombre_usuario`, `fecha_nacimiento`, `sexo`, `pais`, `codigo_postal`, `premium`) VALUES (47, 'kshlerin.lavina@example.net', 'Chester', '2015-06-06', 'O', 'Cayman Islands', '94039', 0);
INSERT INTO `usuarios` (`id`, `email`, `nombre_usuario`, `fecha_nacimiento`, `sexo`, `pais`, `codigo_postal`, `premium`) VALUES (48, 'dvolkman@example.net', 'Noel', '1981-12-09', 'F', 'Angola', '73739', 0);
INSERT INTO `usuarios` (`id`, `email`, `nombre_usuario`, `fecha_nacimiento`, `sexo`, `pais`, `codigo_postal`, `premium`) VALUES (49, 'muhammad.waelchi@example.com', 'Kara', '2017-03-28', 'F', 'Afghanistan', '17338', 0);
INSERT INTO `usuarios` (`id`, `email`, `nombre_usuario`, `fecha_nacimiento`, `sexo`, `pais`, `codigo_postal`, `premium`) VALUES (50, 'felicia64@example.net', 'Michale', '1999-08-23', 'M', 'Palau', '35512', 1);
INSERT INTO `usuarios` (`id`, `email`, `nombre_usuario`, `fecha_nacimiento`, `sexo`, `pais`, `codigo_postal`, `premium`) VALUES (51, 'london47@example.net', 'Lenny', '2015-05-24', 'M', 'South Georgia and the South Sandwich Islands', '81698', 0);
INSERT INTO `usuarios` (`id`, `email`, `nombre_usuario`, `fecha_nacimiento`, `sexo`, `pais`, `codigo_postal`, `premium`) VALUES (52, 'wkris@example.org', 'Ciara', '2000-01-13', 'M', 'Morocco', '40286', 0);
INSERT INTO `usuarios` (`id`, `email`, `nombre_usuario`, `fecha_nacimiento`, `sexo`, `pais`, `codigo_postal`, `premium`) VALUES (53, 'grimes.barbara@example.com', 'Khalil', '1978-01-07', 'F', 'Morocco', '29636', 0);
INSERT INTO `usuarios` (`id`, `email`, `nombre_usuario`, `fecha_nacimiento`, `sexo`, `pais`, `codigo_postal`, `premium`) VALUES (54, 'ankunding.alexa@example.net', 'Chad', '2013-02-26', 'F', 'Turkey', '23513', 1);
INSERT INTO `usuarios` (`id`, `email`, `nombre_usuario`, `fecha_nacimiento`, `sexo`, `pais`, `codigo_postal`, `premium`) VALUES (55, 'baby33@example.com', 'Sabrina', '2005-10-06', 'F', 'Yemen', '37764', 1);
INSERT INTO `usuarios` (`id`, `email`, `nombre_usuario`, `fecha_nacimiento`, `sexo`, `pais`, `codigo_postal`, `premium`) VALUES (56, 'bednar.beaulah@example.com', 'Tanner', '1996-03-27', 'M', 'Macedonia', '65345', 0);
INSERT INTO `usuarios` (`id`, `email`, `nombre_usuario`, `fecha_nacimiento`, `sexo`, `pais`, `codigo_postal`, `premium`) VALUES (57, 'mosciski.zoey@example.com', 'Bo', '2004-04-14', 'O', 'Bahamas', '47352', 1);
INSERT INTO `usuarios` (`id`, `email`, `nombre_usuario`, `fecha_nacimiento`, `sexo`, `pais`, `codigo_postal`, `premium`) VALUES (58, 'sienna.blanda@example.com', 'Fernando', '1971-07-05', 'F', 'Australia', '72152', 1);
INSERT INTO `usuarios` (`id`, `email`, `nombre_usuario`, `fecha_nacimiento`, `sexo`, `pais`, `codigo_postal`, `premium`) VALUES (59, 'rabshire@example.com', 'Linnie', '2008-02-22', 'M', 'Ukraine', '89010', 1);
INSERT INTO `usuarios` (`id`, `email`, `nombre_usuario`, `fecha_nacimiento`, `sexo`, `pais`, `codigo_postal`, `premium`) VALUES (60, 'ally44@example.net', 'Ozella', '1998-01-15', 'M', 'Korea', '00514', 0);
INSERT INTO `usuarios` (`id`, `email`, `nombre_usuario`, `fecha_nacimiento`, `sexo`, `pais`, `codigo_postal`, `premium`) VALUES (61, 'parisian.tre@example.org', 'Leonora', '1982-06-05', 'F', 'Sweden', '07780', 1);
INSERT INTO `usuarios` (`id`, `email`, `nombre_usuario`, `fecha_nacimiento`, `sexo`, `pais`, `codigo_postal`, `premium`) VALUES (62, 'pmckenzie@example.org', 'Lauriane', '1975-03-13', 'O', 'Papua New Guinea', '99450', 1);
INSERT INTO `usuarios` (`id`, `email`, `nombre_usuario`, `fecha_nacimiento`, `sexo`, `pais`, `codigo_postal`, `premium`) VALUES (63, 'amiya46@example.org', 'Rita', '1988-10-14', 'F', 'Mozambique', '31795', 0);
INSERT INTO `usuarios` (`id`, `email`, `nombre_usuario`, `fecha_nacimiento`, `sexo`, `pais`, `codigo_postal`, `premium`) VALUES (64, 'ebert.cielo@example.net', 'Nicholas', '1981-02-24', 'M', 'Christmas Island', '34138', 1);
INSERT INTO `usuarios` (`id`, `email`, `nombre_usuario`, `fecha_nacimiento`, `sexo`, `pais`, `codigo_postal`, `premium`) VALUES (65, 'ukuhlman@example.org', 'Sister', '1974-04-03', 'M', 'Swaziland', '63021', 0);
INSERT INTO `usuarios` (`id`, `email`, `nombre_usuario`, `fecha_nacimiento`, `sexo`, `pais`, `codigo_postal`, `premium`) VALUES (66, 'bashirian.lexi@example.net', 'Pierce', '2018-04-17', 'M', 'Burundi', '00577', 0);
INSERT INTO `usuarios` (`id`, `email`, `nombre_usuario`, `fecha_nacimiento`, `sexo`, `pais`, `codigo_postal`, `premium`) VALUES (67, 'watsica.kamryn@example.net', 'Helmer', '2022-05-14', 'F', 'Isle of Man', '70632', 1);
INSERT INTO `usuarios` (`id`, `email`, `nombre_usuario`, `fecha_nacimiento`, `sexo`, `pais`, `codigo_postal`, `premium`) VALUES (68, 'ritchie.elnora@example.com', 'Ramon', '1994-05-30', 'F', 'Trinidad and Tobago', '83525', 1);
INSERT INTO `usuarios` (`id`, `email`, `nombre_usuario`, `fecha_nacimiento`, `sexo`, `pais`, `codigo_postal`, `premium`) VALUES (69, 'wendell34@example.net', 'Claud', '1996-05-18', 'F', 'Colombia', '85680', 1);
INSERT INTO `usuarios` (`id`, `email`, `nombre_usuario`, `fecha_nacimiento`, `sexo`, `pais`, `codigo_postal`, `premium`) VALUES (70, 'erosenbaum@example.net', 'Mazie', '1970-12-15', 'F', 'Thailand', '34120', 1);
INSERT INTO `usuarios` (`id`, `email`, `nombre_usuario`, `fecha_nacimiento`, `sexo`, `pais`, `codigo_postal`, `premium`) VALUES (71, 'jaylin48@example.com', 'Lia', '1990-07-19', 'F', 'Venezuela', '69743', 1);
INSERT INTO `usuarios` (`id`, `email`, `nombre_usuario`, `fecha_nacimiento`, `sexo`, `pais`, `codigo_postal`, `premium`) VALUES (72, 'camila77@example.org', 'Lucious', '1992-05-15', 'F', 'Benin', '27035', 1);
INSERT INTO `usuarios` (`id`, `email`, `nombre_usuario`, `fecha_nacimiento`, `sexo`, `pais`, `codigo_postal`, `premium`) VALUES (73, 'bart.romaguera@example.net', 'Werner', '2001-01-30', 'O', 'Equatorial Guinea', '69937', 1);
INSERT INTO `usuarios` (`id`, `email`, `nombre_usuario`, `fecha_nacimiento`, `sexo`, `pais`, `codigo_postal`, `premium`) VALUES (74, 'schoen.lawson@example.org', 'Kaylie', '2000-10-16', 'F', 'Norfolk Island', '26503', 1);
INSERT INTO `usuarios` (`id`, `email`, `nombre_usuario`, `fecha_nacimiento`, `sexo`, `pais`, `codigo_postal`, `premium`) VALUES (75, 'ayden03@example.com', 'Kaycee', '1980-07-20', 'M', 'Svalbard & Jan Mayen Islands', '81090', 0);
INSERT INTO `usuarios` (`id`, `email`, `nombre_usuario`, `fecha_nacimiento`, `sexo`, `pais`, `codigo_postal`, `premium`) VALUES (76, 'gia.spencer@example.org', 'Alayna', '1989-03-01', 'M', 'Ethiopia', '42980', 1);
INSERT INTO `usuarios` (`id`, `email`, `nombre_usuario`, `fecha_nacimiento`, `sexo`, `pais`, `codigo_postal`, `premium`) VALUES (77, 'leo70@example.org', 'Kitty', '2000-08-26', 'O', 'Canada', '60740', 0);
INSERT INTO `usuarios` (`id`, `email`, `nombre_usuario`, `fecha_nacimiento`, `sexo`, `pais`, `codigo_postal`, `premium`) VALUES (78, 'heidenreich.emely@example.org', 'Celestino', '2013-12-22', 'M', 'Cuba', '43845', 0);
INSERT INTO `usuarios` (`id`, `email`, `nombre_usuario`, `fecha_nacimiento`, `sexo`, `pais`, `codigo_postal`, `premium`) VALUES (79, 'dillon16@example.org', 'Isai', '2020-08-30', 'F', 'Haiti', '56631', 1);
INSERT INTO `usuarios` (`id`, `email`, `nombre_usuario`, `fecha_nacimiento`, `sexo`, `pais`, `codigo_postal`, `premium`) VALUES (80, 'omoen@example.com', 'Linnie', '2001-03-15', 'F', 'Saint Helena', '65976', 0);
INSERT INTO `usuarios` (`id`, `email`, `nombre_usuario`, `fecha_nacimiento`, `sexo`, `pais`, `codigo_postal`, `premium`) VALUES (81, 'connie.monahan@example.com', 'Shany', '2016-08-29', 'O', 'Cyprus', '01981', 1);
INSERT INTO `usuarios` (`id`, `email`, `nombre_usuario`, `fecha_nacimiento`, `sexo`, `pais`, `codigo_postal`, `premium`) VALUES (82, 'goodwin.maci@example.net', 'Nichole', '1972-11-05', 'F', 'Malawi', '97471', 0);
INSERT INTO `usuarios` (`id`, `email`, `nombre_usuario`, `fecha_nacimiento`, `sexo`, `pais`, `codigo_postal`, `premium`) VALUES (83, 'zadams@example.org', 'Haylee', '1978-01-23', 'F', 'Samoa', '25086', 1);
INSERT INTO `usuarios` (`id`, `email`, `nombre_usuario`, `fecha_nacimiento`, `sexo`, `pais`, `codigo_postal`, `premium`) VALUES (84, 'swift.paul@example.org', 'Reid', '1985-04-29', 'M', 'Northern Mariana Islands', '29691', 0);
INSERT INTO `usuarios` (`id`, `email`, `nombre_usuario`, `fecha_nacimiento`, `sexo`, `pais`, `codigo_postal`, `premium`) VALUES (85, 'dblock@example.com', 'Jordyn', '1972-01-02', 'M', 'Cambodia', '81224', 0);
INSERT INTO `usuarios` (`id`, `email`, `nombre_usuario`, `fecha_nacimiento`, `sexo`, `pais`, `codigo_postal`, `premium`) VALUES (86, 'rjohnston@example.net', 'Randy', '2017-01-14', 'F', 'Reunion', '22067', 0);
INSERT INTO `usuarios` (`id`, `email`, `nombre_usuario`, `fecha_nacimiento`, `sexo`, `pais`, `codigo_postal`, `premium`) VALUES (87, 'ortiz.vena@example.org', 'Ona', '2013-05-28', 'F', 'Montenegro', '56012', 0);
INSERT INTO `usuarios` (`id`, `email`, `nombre_usuario`, `fecha_nacimiento`, `sexo`, `pais`, `codigo_postal`, `premium`) VALUES (88, 'jessy42@example.net', 'Amiya', '1984-02-19', 'F', 'Singapore', '00078', 1);
INSERT INTO `usuarios` (`id`, `email`, `nombre_usuario`, `fecha_nacimiento`, `sexo`, `pais`, `codigo_postal`, `premium`) VALUES (89, 'chadd45@example.net', 'Kathryn', '1972-04-08', 'F', 'Turkey', '09649', 1);
INSERT INTO `usuarios` (`id`, `email`, `nombre_usuario`, `fecha_nacimiento`, `sexo`, `pais`, `codigo_postal`, `premium`) VALUES (90, 'mbashirian@example.com', 'Jacquelyn', '1972-11-30', 'F', 'Gambia', '30038', 1);
INSERT INTO `usuarios` (`id`, `email`, `nombre_usuario`, `fecha_nacimiento`, `sexo`, `pais`, `codigo_postal`, `premium`) VALUES (91, 'pnader@example.org', 'Mortimer', '2000-03-09', 'F', 'American Samoa', '83776', 1);
INSERT INTO `usuarios` (`id`, `email`, `nombre_usuario`, `fecha_nacimiento`, `sexo`, `pais`, `codigo_postal`, `premium`) VALUES (92, 'owen.miller@example.org', 'Aileen', '2021-12-13', 'O', 'Uruguay', '43025', 0);
INSERT INTO `usuarios` (`id`, `email`, `nombre_usuario`, `fecha_nacimiento`, `sexo`, `pais`, `codigo_postal`, `premium`) VALUES (93, 'demarcus61@example.org', 'Ericka', '1978-01-21', 'O', 'Netherlands', '39844', 1);
INSERT INTO `usuarios` (`id`, `email`, `nombre_usuario`, `fecha_nacimiento`, `sexo`, `pais`, `codigo_postal`, `premium`) VALUES (94, 'herminio.goldner@example.com', 'Kellen', '2018-09-06', 'O', 'Aruba', '80471', 1);
INSERT INTO `usuarios` (`id`, `email`, `nombre_usuario`, `fecha_nacimiento`, `sexo`, `pais`, `codigo_postal`, `premium`) VALUES (95, 'keeling.alejandra@example.net', 'Joesph', '1998-05-05', 'O', 'Switzerland', '80848', 1);
INSERT INTO `usuarios` (`id`, `email`, `nombre_usuario`, `fecha_nacimiento`, `sexo`, `pais`, `codigo_postal`, `premium`) VALUES (96, 'wuckert.clotilde@example.org', 'Tara', '1978-01-01', 'O', 'Central African Republic', '65038', 0);
INSERT INTO `usuarios` (`id`, `email`, `nombre_usuario`, `fecha_nacimiento`, `sexo`, `pais`, `codigo_postal`, `premium`) VALUES (97, 'rschroeder@example.org', 'Humberto', '1977-12-03', 'M', 'Poland', '11235', 1);
INSERT INTO `usuarios` (`id`, `email`, `nombre_usuario`, `fecha_nacimiento`, `sexo`, `pais`, `codigo_postal`, `premium`) VALUES (98, 'sydnee17@example.net', 'Liam', '2011-08-28', 'F', 'Sri Lanka', '28703', 0);
INSERT INTO `usuarios` (`id`, `email`, `nombre_usuario`, `fecha_nacimiento`, `sexo`, `pais`, `codigo_postal`, `premium`) VALUES (99, 'francis.marquardt@example.com', 'Karli', '1979-07-15', 'F', 'Romania', '82677', 1);
INSERT INTO `usuarios` (`id`, `email`, `nombre_usuario`, `fecha_nacimiento`, `sexo`, `pais`, `codigo_postal`, `premium`) VALUES (100, 'steuber.beatrice@example.com', 'Euna', '1984-05-11', 'O', 'Brunei Darussalam', '51637', 1);