INSERT INTO `clientes` (`id`, `nombre`, `telefono`, `email`, `fecha_registro`, `id_cliente_recomendador`, `direcciones_id`) VALUES (401, 'Dan Dicki', '+88(4)1652734123', 'zboncak.bette@example.net', '2018-11-29 21:19:44', NULL, 1);
INSERT INTO `clientes` (`id`, `nombre`, `telefono`, `email`, `fecha_registro`, `id_cliente_recomendador`, `direcciones_id`) VALUES (402, 'Forrest Hilll', '1-151-862-7192x8795', 'hwilderman@example.com', '1988-08-22 23:24:43', NULL, 2);
INSERT INTO `clientes` (`id`, `nombre`, `telefono`, `email`, `fecha_registro`, `id_cliente_recomendador`, `direcciones_id`) VALUES (403, 'Fannie Brekke', '+80(2)5484182813', 'wbrown@example.org', '1977-06-16 14:19:17', NULL, 3);
INSERT INTO `clientes` (`id`, `nombre`, `telefono`, `email`, `fecha_registro`, `id_cliente_recomendador`, `direcciones_id`) VALUES (404, 'Savanna Armstrong Sr.', '927.021.2791', 'adeline.waters@example.com', '2009-11-22 16:02:01', NULL, 4);
INSERT INTO `clientes` (`id`, `nombre`, `telefono`, `email`, `fecha_registro`, `id_cliente_recomendador`, `direcciones_id`) VALUES (405, 'Raul Kutch', '1-980-914-4270x08878', 'gayle38@example.com', '2003-11-13 13:04:40', NULL, 5);
INSERT INTO `clientes` (`id`, `nombre`, `telefono`, `email`, `fecha_registro`, `id_cliente_recomendador`, `direcciones_id`) VALUES (406, 'Lucile Konopelski V', '439.977.1919', 'bayer.harmony@example.net', '2006-05-05 23:06:59', NULL, 6);
INSERT INTO `clientes` (`id`, `nombre`, `telefono`, `email`, `fecha_registro`, `id_cliente_recomendador`, `direcciones_id`) VALUES (407, 'Krystal Kunde I', '07936123529', 'ryder.graham@example.org', '2018-11-17 09:33:51', NULL, 7);
INSERT INTO `clientes` (`id`, `nombre`, `telefono`, `email`, `fecha_registro`, `id_cliente_recomendador`, `direcciones_id`) VALUES (408, 'Lexus Lebsack', '(918)022-9165x20956', 'rmorar@example.com', '2019-10-29 11:28:58', NULL, 8);
INSERT INTO `clientes` (`id`, `nombre`, `telefono`, `email`, `fecha_registro`, `id_cliente_recomendador`, `direcciones_id`) VALUES (409, 'Tabitha Boehm', '(385)556-1140', 'xgibson@example.org', '1987-10-03 22:40:17', NULL, 9);
INSERT INTO `clientes` (`id`, `nombre`, `telefono`, `email`, `fecha_registro`, `id_cliente_recomendador`, `direcciones_id`) VALUES (410, 'Thora Mayer', '(586)706-0807', 'lritchie@example.com', '1985-03-13 03:13:12', NULL, 10);
INSERT INTO `clientes` (`id`, `nombre`, `telefono`, `email`, `fecha_registro`, `id_cliente_recomendador`, `direcciones_id`) VALUES (411, 'Marge Quitzon', '+49(2)3849438916', 'kuhlman.tre@example.com', '1996-03-23 04:56:39', NULL, 11);
INSERT INTO `clientes` (`id`, `nombre`, `telefono`, `email`, `fecha_registro`, `id_cliente_recomendador`, `direcciones_id`) VALUES (412, 'Cortney Lindgren', '322.418.0976x1410', 'xstark@example.com', '1975-04-13 16:53:23', NULL, 12);
INSERT INTO `clientes` (`id`, `nombre`, `telefono`, `email`, `fecha_registro`, `id_cliente_recomendador`, `direcciones_id`) VALUES (413, 'Gerardo Larson', '931-134-2737', 'erdman.genevieve@example.org', '1972-08-15 04:21:31', NULL, 13);
INSERT INTO `clientes` (`id`, `nombre`, `telefono`, `email`, `fecha_registro`, `id_cliente_recomendador`, `direcciones_id`) VALUES (414, 'Gregoria Hansen', '1-449-303-6679', 'allison.mitchell@example.com', '2003-08-24 03:00:54', NULL, 14);
INSERT INTO `clientes` (`id`, `nombre`, `telefono`, `email`, `fecha_registro`, `id_cliente_recomendador`, `direcciones_id`) VALUES (415, 'Meda Christiansen', '1-081-822-4128x3618', 'domingo74@example.com', '1992-03-19 19:48:25', NULL, 15);
INSERT INTO `clientes` (`id`, `nombre`, `telefono`, `email`, `fecha_registro`, `id_cliente_recomendador`, `direcciones_id`) VALUES (416, 'Ayana Casper', '(787)978-5532x40350', 'clemmie28@example.org', '1975-01-12 14:35:12', NULL, 16);
INSERT INTO `clientes` (`id`, `nombre`, `telefono`, `email`, `fecha_registro`, `id_cliente_recomendador`, `direcciones_id`) VALUES (417, 'Miss Bethel Waelchi', '472-176-4691', 'mgaylord@example.org', '1973-05-01 02:21:13', NULL, 17);
INSERT INTO `clientes` (`id`, `nombre`, `telefono`, `email`, `fecha_registro`, `id_cliente_recomendador`, `direcciones_id`) VALUES (418, 'Ms. Martine Stark PhD', '(762)029-1578x886', 'rboyle@example.com', '1973-04-05 21:30:07', NULL, 18);
INSERT INTO `clientes` (`id`, `nombre`, `telefono`, `email`, `fecha_registro`, `id_cliente_recomendador`, `direcciones_id`) VALUES (419, 'Morton Rempel', '06510682080', 'zabshire@example.net', '1979-05-04 03:50:54', NULL, 19);
INSERT INTO `clientes` (`id`, `nombre`, `telefono`, `email`, `fecha_registro`, `id_cliente_recomendador`, `direcciones_id`) VALUES (420, 'Catalina Bartoletti', '1-476-038-1362x5879', 'jovany.herman@example.com', '2017-02-12 11:46:09', NULL, 20);
INSERT INTO `clientes` (`id`, `nombre`, `telefono`, `email`, `fecha_registro`, `id_cliente_recomendador`, `direcciones_id`) VALUES (421, 'Margot Kirlin', '704.089.6257x14874', 'durgan.laverna@example.net', '2016-08-05 04:38:41', NULL, 21);
INSERT INTO `clientes` (`id`, `nombre`, `telefono`, `email`, `fecha_registro`, `id_cliente_recomendador`, `direcciones_id`) VALUES (422, 'Erik Marvin', '+16(1)3096595723', 'cristian27@example.org', '1995-07-21 14:46:12', NULL, 22);
INSERT INTO `clientes` (`id`, `nombre`, `telefono`, `email`, `fecha_registro`, `id_cliente_recomendador`, `direcciones_id`) VALUES (423, 'Ophelia Shanahan', '(841)157-8258x1378', 'salvatore.barrows@example.org', '1970-06-02 10:02:43', NULL, 23);
INSERT INTO `clientes` (`id`, `nombre`, `telefono`, `email`, `fecha_registro`, `id_cliente_recomendador`, `direcciones_id`) VALUES (424, 'Miss Madeline Morar PhD', '462.434.1335x89686', 'adaline43@example.net', '2010-06-06 08:31:05', NULL, 24);
INSERT INTO `clientes` (`id`, `nombre`, `telefono`, `email`, `fecha_registro`, `id_cliente_recomendador`, `direcciones_id`) VALUES (425, 'Dr. Mohamed Boehm', '1-504-430-4960', 'cartwright.cydney@example.net', '1970-03-08 15:17:48', NULL, 25);
INSERT INTO `clientes` (`id`, `nombre`, `telefono`, `email`, `fecha_registro`, `id_cliente_recomendador`, `direcciones_id`) VALUES (426, 'Prof. Gerald Tillman', '1-125-348-1726', 'aaufderhar@example.com', '2013-04-20 17:41:41', NULL, 26);
INSERT INTO `clientes` (`id`, `nombre`, `telefono`, `email`, `fecha_registro`, `id_cliente_recomendador`, `direcciones_id`) VALUES (427, 'Savion Bergstrom', '589.435.1665x77188', 'pwelch@example.net', '1986-12-28 22:24:11', NULL, 27);
INSERT INTO `clientes` (`id`, `nombre`, `telefono`, `email`, `fecha_registro`, `id_cliente_recomendador`, `direcciones_id`) VALUES (428, 'Dr. Agustin Trantow', '543.672.8292', 'jaleel88@example.com', '2011-04-13 15:16:18', NULL, 28);
INSERT INTO `clientes` (`id`, `nombre`, `telefono`, `email`, `fecha_registro`, `id_cliente_recomendador`, `direcciones_id`) VALUES (429, 'Lavon Swift II', '(310)719-4599x13630', 'stoltenberg.felicia@example.org', '2020-11-13 02:28:20', NULL, 29);
INSERT INTO `clientes` (`id`, `nombre`, `telefono`, `email`, `fecha_registro`, `id_cliente_recomendador`, `direcciones_id`) VALUES (430, 'Ms. Dovie Kautzer IV', '388-371-4608', 'rubye.barrows@example.org', '1975-11-10 22:39:04', NULL, 30);
INSERT INTO `clientes` (`id`, `nombre`, `telefono`, `email`, `fecha_registro`, `id_cliente_recomendador`, `direcciones_id`) VALUES (431, 'Ola OConner', '07882739833', 'twelch@example.org', '1970-01-02 19:32:48', NULL, 31);
INSERT INTO `clientes` (`id`, `nombre`, `telefono`, `email`, `fecha_registro`, `id_cliente_recomendador`, `direcciones_id`) VALUES (432, 'Conner Waters', '(850)719-6358', 'kshlerin.marie@example.net', '1987-08-05 08:36:22', NULL, 32);
INSERT INTO `clientes` (`id`, `nombre`, `telefono`, `email`, `fecha_registro`, `id_cliente_recomendador`, `direcciones_id`) VALUES (433, 'Tessie Nader III', '(998)612-9188x05498', 'fhegmann@example.net', '1980-08-31 12:33:17', NULL, 33);
INSERT INTO `clientes` (`id`, `nombre`, `telefono`, `email`, `fecha_registro`, `id_cliente_recomendador`, `direcciones_id`) VALUES (434, 'Makayla Herzog', '595.132.9023x79189', 'hayden41@example.net', '1970-01-21 17:08:55', NULL, 34);
INSERT INTO `clientes` (`id`, `nombre`, `telefono`, `email`, `fecha_registro`, `id_cliente_recomendador`, `direcciones_id`) VALUES (435, 'Mrs. Kathryne Bahringer II', '784-604-8948', 'weston.kreiger@example.org', '2021-11-28 20:01:44', NULL, 35);
INSERT INTO `clientes` (`id`, `nombre`, `telefono`, `email`, `fecha_registro`, `id_cliente_recomendador`, `direcciones_id`) VALUES (436, 'Queen Howe', '(882)027-4529x23637', 'courtney.kilback@example.org', '1989-06-01 01:12:43', NULL, 36);
INSERT INTO `clientes` (`id`, `nombre`, `telefono`, `email`, `fecha_registro`, `id_cliente_recomendador`, `direcciones_id`) VALUES (437, 'Eleanore Willms', '572-900-1416x13432', 'doyle.edison@example.org', '2003-09-25 10:11:52', NULL, 37);
INSERT INTO `clientes` (`id`, `nombre`, `telefono`, `email`, `fecha_registro`, `id_cliente_recomendador`, `direcciones_id`) VALUES (438, 'Ruby Yundt', '+92(2)2874172540', 'davonte53@example.net', '2014-03-04 23:30:49', NULL, 38);
INSERT INTO `clientes` (`id`, `nombre`, `telefono`, `email`, `fecha_registro`, `id_cliente_recomendador`, `direcciones_id`) VALUES (439, 'Dr. Kadin Howe Jr.', '+92(3)7820921658', 'carter.callie@example.org', '1991-07-23 15:55:13', NULL, 39);
INSERT INTO `clientes` (`id`, `nombre`, `telefono`, `email`, `fecha_registro`, `id_cliente_recomendador`, `direcciones_id`) VALUES (440, 'Prof. Marge Crooks IV', '725.884.5620x4185', 'cielo.satterfield@example.org', '2013-11-25 06:24:19', NULL, 40);
INSERT INTO `clientes` (`id`, `nombre`, `telefono`, `email`, `fecha_registro`, `id_cliente_recomendador`, `direcciones_id`) VALUES (441, 'Sydni Torphy III', '(909)071-2933', 'edouglas@example.com', '2001-03-03 10:38:24', NULL, 41);
INSERT INTO `clientes` (`id`, `nombre`, `telefono`, `email`, `fecha_registro`, `id_cliente_recomendador`, `direcciones_id`) VALUES (442, 'Alexie Schiller', '659-962-3019', 'ubaldo70@example.com', '1988-01-31 02:56:36', NULL, 42);
INSERT INTO `clientes` (`id`, `nombre`, `telefono`, `email`, `fecha_registro`, `id_cliente_recomendador`, `direcciones_id`) VALUES (443, 'Arvel Mraz III', '06092808016', 'dwalker@example.com', '2018-12-01 12:55:28', NULL, 43);
INSERT INTO `clientes` (`id`, `nombre`, `telefono`, `email`, `fecha_registro`, `id_cliente_recomendador`, `direcciones_id`) VALUES (444, 'Prof. Einar Jacobi IV', '08894645281', 'zmetz@example.org', '2017-08-02 12:31:43', NULL, 44);
INSERT INTO `clientes` (`id`, `nombre`, `telefono`, `email`, `fecha_registro`, `id_cliente_recomendador`, `direcciones_id`) VALUES (445, 'Cydney Hermann', '1-191-031-9188x372', 'leopold.luettgen@example.net', '1971-12-07 18:11:24', NULL, 45);
INSERT INTO `clientes` (`id`, `nombre`, `telefono`, `email`, `fecha_registro`, `id_cliente_recomendador`, `direcciones_id`) VALUES (446, 'Carol Baumbach', '822-603-0238', 'aufderhar.valentin@example.org', '2003-11-27 11:13:45', NULL, 46);
INSERT INTO `clientes` (`id`, `nombre`, `telefono`, `email`, `fecha_registro`, `id_cliente_recomendador`, `direcciones_id`) VALUES (447, 'Eliza Gibson', '906.333.8863x19276', 'dooley.krista@example.net', '1972-03-28 05:14:12', NULL, 47);
INSERT INTO `clientes` (`id`, `nombre`, `telefono`, `email`, `fecha_registro`, `id_cliente_recomendador`, `direcciones_id`) VALUES (448, 'Minnie Sauer II', '03968037699', 'hboehm@example.com', '2000-03-17 15:52:09', NULL, 48);
INSERT INTO `clientes` (`id`, `nombre`, `telefono`, `email`, `fecha_registro`, `id_cliente_recomendador`, `direcciones_id`) VALUES (449, 'Ava Schmidt', '399.173.9210x6950', 'aliyah.johnson@example.net', '1992-04-06 20:14:48', NULL, 49);
INSERT INTO `clientes` (`id`, `nombre`, `telefono`, `email`, `fecha_registro`, `id_cliente_recomendador`, `direcciones_id`) VALUES (450, 'Miss Marcelina Rau DDS', '+68(4)6427028171', 'marjorie08@example.net', '2005-06-07 22:55:25', NULL, 50);
INSERT INTO `clientes` (`id`, `nombre`, `telefono`, `email`, `fecha_registro`, `id_cliente_recomendador`, `direcciones_id`) VALUES (451, 'Rosalyn Harber IV', '918.459.3143x23604', 'hoeger.angeline@example.net', '1986-03-02 08:52:31', NULL, 51);
INSERT INTO `clientes` (`id`, `nombre`, `telefono`, `email`, `fecha_registro`, `id_cliente_recomendador`, `direcciones_id`) VALUES (452, 'Kamille Emard', '996-369-1741x601', 'lupe.maggio@example.net', '2002-01-10 17:08:52', NULL, 52);
INSERT INTO `clientes` (`id`, `nombre`, `telefono`, `email`, `fecha_registro`, `id_cliente_recomendador`, `direcciones_id`) VALUES (453, 'Taylor Wilkinson', '1-374-636-9970', 'rking@example.org', '1985-06-13 21:59:46', NULL, 53);
INSERT INTO `clientes` (`id`, `nombre`, `telefono`, `email`, `fecha_registro`, `id_cliente_recomendador`, `direcciones_id`) VALUES (454, 'Pansy Jenkins', '+93(5)0623943288', 'verona60@example.net', '2013-10-23 14:03:46', NULL, 54);
INSERT INTO `clientes` (`id`, `nombre`, `telefono`, `email`, `fecha_registro`, `id_cliente_recomendador`, `direcciones_id`) VALUES (455, 'Veronica Friesen', '1-497-093-4422', 'leif.aufderhar@example.net', '1980-10-29 19:59:11', NULL, 55);
INSERT INTO `clientes` (`id`, `nombre`, `telefono`, `email`, `fecha_registro`, `id_cliente_recomendador`, `direcciones_id`) VALUES (456, 'Dr. Delfina Hahn III', '821.264.1809', 'antonetta13@example.org', '1983-01-29 04:01:23', NULL, 56);
INSERT INTO `clientes` (`id`, `nombre`, `telefono`, `email`, `fecha_registro`, `id_cliente_recomendador`, `direcciones_id`) VALUES (457, 'Prof. Prudence Hodkiewicz', '(173)312-6701', 'rshields@example.org', '1985-06-19 00:30:19', NULL, 57);
INSERT INTO `clientes` (`id`, `nombre`, `telefono`, `email`, `fecha_registro`, `id_cliente_recomendador`, `direcciones_id`) VALUES (458, 'Prof. Alec Gerlach', '066-626-6114x67576', 'ylang@example.net', '2022-04-22 09:45:21', NULL, 58);
INSERT INTO `clientes` (`id`, `nombre`, `telefono`, `email`, `fecha_registro`, `id_cliente_recomendador`, `direcciones_id`) VALUES (459, 'Mustafa Treutel', '279.537.0155x911', 'stephon.schinner@example.net', '2014-06-05 12:50:25', NULL, 59);
INSERT INTO `clientes` (`id`, `nombre`, `telefono`, `email`, `fecha_registro`, `id_cliente_recomendador`, `direcciones_id`) VALUES (460, 'Mr. Kelvin Orn', '265-728-8008', 'zroob@example.org', '1996-01-17 08:43:58', NULL, 60);
INSERT INTO `clientes` (`id`, `nombre`, `telefono`, `email`, `fecha_registro`, `id_cliente_recomendador`, `direcciones_id`) VALUES (461, 'Thora Bode', '(273)793-7339', 'cmedhurst@example.com', '1994-06-01 06:35:35', NULL, 61);
INSERT INTO `clientes` (`id`, `nombre`, `telefono`, `email`, `fecha_registro`, `id_cliente_recomendador`, `direcciones_id`) VALUES (462, 'Douglas Lubowitz', '838-316-4972x5845', 'isabel86@example.net', '1984-02-16 19:41:44', NULL, 62);
INSERT INTO `clientes` (`id`, `nombre`, `telefono`, `email`, `fecha_registro`, `id_cliente_recomendador`, `direcciones_id`) VALUES (463, 'Ernest Lesch MD', '010-711-2006', 'terrill35@example.com', '2021-03-16 05:31:57', NULL, 63);
INSERT INTO `clientes` (`id`, `nombre`, `telefono`, `email`, `fecha_registro`, `id_cliente_recomendador`, `direcciones_id`) VALUES (464, 'Prof. Cale Jacobi', '1-133-746-7291x6151', 'doyle.benjamin@example.org', '2015-07-21 10:06:14', NULL, 64);
INSERT INTO `clientes` (`id`, `nombre`, `telefono`, `email`, `fecha_registro`, `id_cliente_recomendador`, `direcciones_id`) VALUES (465, 'Alisa Prohaska', '975.466.1007x2832', 'joana.cruickshank@example.net', '2001-08-07 12:52:09', NULL, 65);
INSERT INTO `clientes` (`id`, `nombre`, `telefono`, `email`, `fecha_registro`, `id_cliente_recomendador`, `direcciones_id`) VALUES (466, 'Dr. George Weimann III', '(212)899-2471', 'vlabadie@example.com', '1971-11-06 19:16:30', NULL, 66);
INSERT INTO `clientes` (`id`, `nombre`, `telefono`, `email`, `fecha_registro`, `id_cliente_recomendador`, `direcciones_id`) VALUES (467, 'Samson Blanda II', '735-920-1459x9489', 'jeffry.mueller@example.net', '1984-08-09 17:10:39', NULL, 67);
INSERT INTO `clientes` (`id`, `nombre`, `telefono`, `email`, `fecha_registro`, `id_cliente_recomendador`, `direcciones_id`) VALUES (468, 'Dr. Nola Kassulke IV', '1-349-050-4029x702', 'franco70@example.net', '2003-10-25 16:16:36', NULL, 68);
INSERT INTO `clientes` (`id`, `nombre`, `telefono`, `email`, `fecha_registro`, `id_cliente_recomendador`, `direcciones_id`) VALUES (469, 'Lauren Fritsch', '988.681.5509', 'tyrel49@example.com', '1973-05-11 05:42:13', NULL, 69);
INSERT INTO `clientes` (`id`, `nombre`, `telefono`, `email`, `fecha_registro`, `id_cliente_recomendador`, `direcciones_id`) VALUES (470, 'Dr. Tyson Heller DDS', '682-487-0262', 'clittle@example.net', '1986-01-30 12:34:59', NULL, 70);
INSERT INTO `clientes` (`id`, `nombre`, `telefono`, `email`, `fecha_registro`, `id_cliente_recomendador`, `direcciones_id`) VALUES (471, 'Watson Boehm', '847-237-2277x371', 'murray.jeramy@example.com', '2018-07-28 10:42:55', NULL, 71);
INSERT INTO `clientes` (`id`, `nombre`, `telefono`, `email`, `fecha_registro`, `id_cliente_recomendador`, `direcciones_id`) VALUES (472, 'Sabina Ryan', '432.278.5771', 'glover.stephon@example.com', '2017-09-28 07:05:19', NULL, 72);
INSERT INTO `clientes` (`id`, `nombre`, `telefono`, `email`, `fecha_registro`, `id_cliente_recomendador`, `direcciones_id`) VALUES (473, 'Shayna Goodwin', '123.172.0142x107', 'amparo.emmerich@example.net', '2009-11-22 06:40:33', NULL, 73);
INSERT INTO `clientes` (`id`, `nombre`, `telefono`, `email`, `fecha_registro`, `id_cliente_recomendador`, `direcciones_id`) VALUES (474, 'Ms. Greta Brakus DDS', '386-310-8920x769', 'dharris@example.net', '1982-08-26 05:10:04', NULL, 74);
INSERT INTO `clientes` (`id`, `nombre`, `telefono`, `email`, `fecha_registro`, `id_cliente_recomendador`, `direcciones_id`) VALUES (475, 'Toney Prosacco', '1-020-439-5483x36239', 'abarton@example.org', '1971-08-18 05:23:44', NULL, 75);
INSERT INTO `clientes` (`id`, `nombre`, `telefono`, `email`, `fecha_registro`, `id_cliente_recomendador`, `direcciones_id`) VALUES (476, 'Dr. Gay Stamm III', '(600)273-3382', 'manley66@example.org', '2007-03-08 21:24:59', NULL, 76);
INSERT INTO `clientes` (`id`, `nombre`, `telefono`, `email`, `fecha_registro`, `id_cliente_recomendador`, `direcciones_id`) VALUES (477, 'Donnell Bergstrom', '+87(0)0087893063', 'nstrosin@example.com', '1989-05-31 11:46:54', NULL, 77);
INSERT INTO `clientes` (`id`, `nombre`, `telefono`, `email`, `fecha_registro`, `id_cliente_recomendador`, `direcciones_id`) VALUES (478, 'Alyce Ledner', '004-792-7197x6898', 'lavinia18@example.com', '1993-03-14 09:18:49', NULL, 78);
INSERT INTO `clientes` (`id`, `nombre`, `telefono`, `email`, `fecha_registro`, `id_cliente_recomendador`, `direcciones_id`) VALUES (479, 'Miss Willow Dach', '1-749-576-5926x25594', 'thompson.amara@example.com', '2019-05-13 08:29:02', NULL, 79);
INSERT INTO `clientes` (`id`, `nombre`, `telefono`, `email`, `fecha_registro`, `id_cliente_recomendador`, `direcciones_id`) VALUES (480, 'Rachelle Aufderhar', '859-072-4878x4634', 'heller.mable@example.net', '1988-08-16 03:02:01', NULL, 80);
INSERT INTO `clientes` (`id`, `nombre`, `telefono`, `email`, `fecha_registro`, `id_cliente_recomendador`, `direcciones_id`) VALUES (481, 'Dr. Anastacio Streich', '277-787-4304', 'dahlia36@example.net', '2017-10-07 20:51:57', NULL, 81);
INSERT INTO `clientes` (`id`, `nombre`, `telefono`, `email`, `fecha_registro`, `id_cliente_recomendador`, `direcciones_id`) VALUES (482, 'Prof. Denis Howell PhD', '1-151-760-9464x43858', 'eleanora37@example.com', '2001-04-17 01:16:13', NULL, 82);
INSERT INTO `clientes` (`id`, `nombre`, `telefono`, `email`, `fecha_registro`, `id_cliente_recomendador`, `direcciones_id`) VALUES (483, 'Beulah Flatley DVM', '+42(7)0153434150', 'hlittle@example.org', '1996-03-26 19:29:39', NULL, 83);
INSERT INTO `clientes` (`id`, `nombre`, `telefono`, `email`, `fecha_registro`, `id_cliente_recomendador`, `direcciones_id`) VALUES (484, 'Brody Becker', '03717187277', 'collins.krystel@example.org', '1979-10-18 11:09:57', NULL, 84);
INSERT INTO `clientes` (`id`, `nombre`, `telefono`, `email`, `fecha_registro`, `id_cliente_recomendador`, `direcciones_id`) VALUES (485, 'Mrs. Cecile Schulist', '(581)034-3950x43271', 'kspinka@example.com', '1999-10-20 00:43:29', NULL, 85);
INSERT INTO `clientes` (`id`, `nombre`, `telefono`, `email`, `fecha_registro`, `id_cliente_recomendador`, `direcciones_id`) VALUES (486, 'Adonis West', '+26(4)7436870732', 'thea91@example.com', '1995-10-13 00:34:00', NULL, 86);
INSERT INTO `clientes` (`id`, `nombre`, `telefono`, `email`, `fecha_registro`, `id_cliente_recomendador`, `direcciones_id`) VALUES (487, 'Shaina Kiehn', '1-098-431-5198x43800', 'loyce37@example.org', '2012-02-16 13:01:06', NULL, 87);
INSERT INTO `clientes` (`id`, `nombre`, `telefono`, `email`, `fecha_registro`, `id_cliente_recomendador`, `direcciones_id`) VALUES (488, 'Agnes Nitzsche', '+52(1)8325882395', 'bechtelar.cristal@example.org', '1973-04-16 20:02:29', NULL, 88);
INSERT INTO `clientes` (`id`, `nombre`, `telefono`, `email`, `fecha_registro`, `id_cliente_recomendador`, `direcciones_id`) VALUES (489, 'Verla Runolfsson', '355.844.8928x488', 'destiny29@example.net', '2009-04-16 23:06:07', NULL, 89);
INSERT INTO `clientes` (`id`, `nombre`, `telefono`, `email`, `fecha_registro`, `id_cliente_recomendador`, `direcciones_id`) VALUES (490, 'Prof. Alexander Haag', '(751)309-1969x539', 'elmer61@example.com', '2004-01-02 09:47:16', NULL, 90);
INSERT INTO `clientes` (`id`, `nombre`, `telefono`, `email`, `fecha_registro`, `id_cliente_recomendador`, `direcciones_id`) VALUES (491, 'Tierra Buckridge', '541-190-9888x447', 'cayla.emard@example.com', '1975-07-16 18:52:15', NULL, 91);
INSERT INTO `clientes` (`id`, `nombre`, `telefono`, `email`, `fecha_registro`, `id_cliente_recomendador`, `direcciones_id`) VALUES (492, 'Ford Thiel', '04538256735', 'choeger@example.net', '1995-12-11 12:22:32', NULL, 92);
INSERT INTO `clientes` (`id`, `nombre`, `telefono`, `email`, `fecha_registro`, `id_cliente_recomendador`, `direcciones_id`) VALUES (493, 'Kariane Lockman', '+35(0)6104125246', 'ooconnell@example.com', '1985-02-04 15:45:04', NULL, 93);
INSERT INTO `clientes` (`id`, `nombre`, `telefono`, `email`, `fecha_registro`, `id_cliente_recomendador`, `direcciones_id`) VALUES (494, 'Talia Wunsch', '282.629.7708x385', 'zelda.cummerata@example.net', '2020-10-02 11:05:22', NULL, 94);
INSERT INTO `clientes` (`id`, `nombre`, `telefono`, `email`, `fecha_registro`, `id_cliente_recomendador`, `direcciones_id`) VALUES (495, 'Mrs. Charlene Rodriguez', '(355)933-3629', 'daniel.holly@example.com', '2014-10-31 06:59:38', NULL, 95);
INSERT INTO `clientes` (`id`, `nombre`, `telefono`, `email`, `fecha_registro`, `id_cliente_recomendador`, `direcciones_id`) VALUES (496, 'Mr. Junius Sauer', '03206603786', 'toni68@example.org', '2020-09-11 12:58:24', NULL, 96);
INSERT INTO `clientes` (`id`, `nombre`, `telefono`, `email`, `fecha_registro`, `id_cliente_recomendador`, `direcciones_id`) VALUES (497, 'Micah Williamson', '882-287-8022x6514', 'jamal.kautzer@example.com', '2000-01-18 08:50:30', NULL, 97);
INSERT INTO `clientes` (`id`, `nombre`, `telefono`, `email`, `fecha_registro`, `id_cliente_recomendador`, `direcciones_id`) VALUES (498, 'Mrs. Aurelie Carter', '(209)770-7963', 'schinner.edwina@example.org', '1982-04-02 16:42:27', NULL, 98);
INSERT INTO `clientes` (`id`, `nombre`, `telefono`, `email`, `fecha_registro`, `id_cliente_recomendador`, `direcciones_id`) VALUES (499, 'Prof. Andy Durgan', '1-373-260-8021x6394', 'kaitlin.jenkins@example.com', '1994-10-15 18:44:38', NULL, 99);
INSERT INTO `clientes` (`id`, `nombre`, `telefono`, `email`, `fecha_registro`, `id_cliente_recomendador`, `direcciones_id`) VALUES (500, 'Arvilla Cummings', '949-286-5000x1002', 'ramiro.lockman@example.com', '2008-03-03 12:50:06', NULL, 100);

INSERT INTO `direcciones` (`id`, `calle`, `numero`, `piso`, `puerta`, `codigo_postal`, `pais`) VALUES (1, 'Willard Harbor', '268', '6', '3', '60710', 'Norway');
INSERT INTO `direcciones` (`id`, `calle`, `numero`, `piso`, `puerta`, `codigo_postal`, `pais`) VALUES (2, 'Katelynn Crescent', '066', '4', '9', '78394', 'Czech Republic');
INSERT INTO `direcciones` (`id`, `calle`, `numero`, `piso`, `puerta`, `codigo_postal`, `pais`) VALUES (3, 'Trenton Isle', '319', '5', '7', '25083', 'Sierra Leone');
INSERT INTO `direcciones` (`id`, `calle`, `numero`, `piso`, `puerta`, `codigo_postal`, `pais`) VALUES (4, 'Delmer Dale', '1537', '8', '6', '01154', 'Guinea-Bissau');
INSERT INTO `direcciones` (`id`, `calle`, `numero`, `piso`, `puerta`, `codigo_postal`, `pais`) VALUES (5, 'Gulgowski Run', '94984', '8', '7', '77457', 'Tunisia');
INSERT INTO `direcciones` (`id`, `calle`, `numero`, `piso`, `puerta`, `codigo_postal`, `pais`) VALUES (6, 'Dillon Via', '72135', '9', '8', '96244', 'Oman');
INSERT INTO `direcciones` (`id`, `calle`, `numero`, `piso`, `puerta`, `codigo_postal`, `pais`) VALUES (7, 'Halvorson Springs', '77781', '6', '2', '97776', 'Haiti');
INSERT INTO `direcciones` (`id`, `calle`, `numero`, `piso`, `puerta`, `codigo_postal`, `pais`) VALUES (8, 'Kurtis Station', '756', '4', '2', '29967', 'South Africa');
INSERT INTO `direcciones` (`id`, `calle`, `numero`, `piso`, `puerta`, `codigo_postal`, `pais`) VALUES (9, 'Purdy Lock', '0090', '5', '2', '72385', 'Libyan Arab Jamahiriya');
INSERT INTO `direcciones` (`id`, `calle`, `numero`, `piso`, `puerta`, `codigo_postal`, `pais`) VALUES (10, 'Effertz Mission', '0265', '7', '2', '11091', 'Ukraine');
INSERT INTO `direcciones` (`id`, `calle`, `numero`, `piso`, `puerta`, `codigo_postal`, `pais`) VALUES (11, 'Ashlee Flats', '53901', '1', '1', '16138', 'Chad');
INSERT INTO `direcciones` (`id`, `calle`, `numero`, `piso`, `puerta`, `codigo_postal`, `pais`) VALUES (12, 'Auer Squares', '1614', '3', '4', '47578', 'Micronesia');
INSERT INTO `direcciones` (`id`, `calle`, `numero`, `piso`, `puerta`, `codigo_postal`, `pais`) VALUES (13, 'Sedrick Path', '628', '1', '3', '38804', 'Paraguay');
INSERT INTO `direcciones` (`id`, `calle`, `numero`, `piso`, `puerta`, `codigo_postal`, `pais`) VALUES (14, 'Natalia Lodge', '643', '6', '3', '91293', 'Paraguay');
INSERT INTO `direcciones` (`id`, `calle`, `numero`, `piso`, `puerta`, `codigo_postal`, `pais`) VALUES (15, 'Estefania Lane', '34607', '3', '3', '83062', 'Ukraine');
INSERT INTO `direcciones` (`id`, `calle`, `numero`, `piso`, `puerta`, `codigo_postal`, `pais`) VALUES (16, 'Koch Union', '825', '8', '9', '70568', 'Oman');
INSERT INTO `direcciones` (`id`, `calle`, `numero`, `piso`, `puerta`, `codigo_postal`, `pais`) VALUES (17, 'Kutch Forest', '49072', '3', '4', '55246', 'Lithuania');
INSERT INTO `direcciones` (`id`, `calle`, `numero`, `piso`, `puerta`, `codigo_postal`, `pais`) VALUES (18, 'Meredith Estates', '141', '7', '7', '71175', 'Belize');
INSERT INTO `direcciones` (`id`, `calle`, `numero`, `piso`, `puerta`, `codigo_postal`, `pais`) VALUES (19, 'Cleve Road', '1976', '9', '1', '43691', 'Australia');
INSERT INTO `direcciones` (`id`, `calle`, `numero`, `piso`, `puerta`, `codigo_postal`, `pais`) VALUES (20, 'Becker Flat', '4180', '9', '7', '47133', 'Palestinian Territory');
INSERT INTO `direcciones` (`id`, `calle`, `numero`, `piso`, `puerta`, `codigo_postal`, `pais`) VALUES (21, 'Peter Vista', '9270', '2', '6', '64147', 'Portugal');
INSERT INTO `direcciones` (`id`, `calle`, `numero`, `piso`, `puerta`, `codigo_postal`, `pais`) VALUES (22, 'Armstrong Spur', '237', '5', '5', '24346', 'Finland');
INSERT INTO `direcciones` (`id`, `calle`, `numero`, `piso`, `puerta`, `codigo_postal`, `pais`) VALUES (23, 'Reichert Pike', '830', '8', '5', '49372', 'Croatia');
INSERT INTO `direcciones` (`id`, `calle`, `numero`, `piso`, `puerta`, `codigo_postal`, `pais`) VALUES (24, 'Doyle Mills', '2980', '7', '7', '95521', 'Chad');
INSERT INTO `direcciones` (`id`, `calle`, `numero`, `piso`, `puerta`, `codigo_postal`, `pais`) VALUES (25, 'Herzog Station', '255', '2', '4', '70615', 'Ghana');
INSERT INTO `direcciones` (`id`, `calle`, `numero`, `piso`, `puerta`, `codigo_postal`, `pais`) VALUES (26, 'Denesik Drive', '86509', '9', '8', '30243', 'Honduras');
INSERT INTO `direcciones` (`id`, `calle`, `numero`, `piso`, `puerta`, `codigo_postal`, `pais`) VALUES (27, 'Walter Meadows', '79505', '2', '7', '16155', 'Belgium');
INSERT INTO `direcciones` (`id`, `calle`, `numero`, `piso`, `puerta`, `codigo_postal`, `pais`) VALUES (28, 'Bashirian Lock', '63088', '6', '4', '50702', 'Bolivia');
INSERT INTO `direcciones` (`id`, `calle`, `numero`, `piso`, `puerta`, `codigo_postal`, `pais`) VALUES (29, 'Mertie Fords', '09344', '7', '1', '67189', 'Isle of Man');
INSERT INTO `direcciones` (`id`, `calle`, `numero`, `piso`, `puerta`, `codigo_postal`, `pais`) VALUES (30, 'Bergstrom Turnpike', '294', '3', '6', '75252', 'Mozambique');
INSERT INTO `direcciones` (`id`, `calle`, `numero`, `piso`, `puerta`, `codigo_postal`, `pais`) VALUES (31, 'Schneider Heights', '2510', '7', '9', '89182', 'Benin');
INSERT INTO `direcciones` (`id`, `calle`, `numero`, `piso`, `puerta`, `codigo_postal`, `pais`) VALUES (32, 'Kub Turnpike', '4790', '7', '1', '73130', 'Cameroon');
INSERT INTO `direcciones` (`id`, `calle`, `numero`, `piso`, `puerta`, `codigo_postal`, `pais`) VALUES (33, 'Fanny Harbor', '0696', '6', '7', '22781', 'Guinea-Bissau');
INSERT INTO `direcciones` (`id`, `calle`, `numero`, `piso`, `puerta`, `codigo_postal`, `pais`) VALUES (34, 'Leannon Island', '093', '3', '9', '40368', 'Thailand');
INSERT INTO `direcciones` (`id`, `calle`, `numero`, `piso`, `puerta`, `codigo_postal`, `pais`) VALUES (35, 'Bashirian Island', '984', '3', '6', '73665', 'Bahamas');
INSERT INTO `direcciones` (`id`, `calle`, `numero`, `piso`, `puerta`, `codigo_postal`, `pais`) VALUES (36, 'Stamm Villages', '1721', '4', '9', '16240', 'Botswana');
INSERT INTO `direcciones` (`id`, `calle`, `numero`, `piso`, `puerta`, `codigo_postal`, `pais`) VALUES (37, 'Hintz Skyway', '46979', '7', '1', '85233', 'Singapore');
INSERT INTO `direcciones` (`id`, `calle`, `numero`, `piso`, `puerta`, `codigo_postal`, `pais`) VALUES (38, 'Marjorie Overpass', '85657', '7', '8', '73556', 'Brazil');
INSERT INTO `direcciones` (`id`, `calle`, `numero`, `piso`, `puerta`, `codigo_postal`, `pais`) VALUES (39, 'Neva Estate', '779', '3', '5', '48554', 'Congo');
INSERT INTO `direcciones` (`id`, `calle`, `numero`, `piso`, `puerta`, `codigo_postal`, `pais`) VALUES (40, 'Robel Harbors', '3536', '4', '3', '33689', 'Estonia');
INSERT INTO `direcciones` (`id`, `calle`, `numero`, `piso`, `puerta`, `codigo_postal`, `pais`) VALUES (41, 'Merlin Lake', '6711', '1', '7', '02572', 'Korea');
INSERT INTO `direcciones` (`id`, `calle`, `numero`, `piso`, `puerta`, `codigo_postal`, `pais`) VALUES (42, 'Gaylord Ports', '70907', '6', '5', '30814', 'Macao');
INSERT INTO `direcciones` (`id`, `calle`, `numero`, `piso`, `puerta`, `codigo_postal`, `pais`) VALUES (43, 'Hamill Cliff', '543', '9', '2', '69733', 'Libyan Arab Jamahiriya');
INSERT INTO `direcciones` (`id`, `calle`, `numero`, `piso`, `puerta`, `codigo_postal`, `pais`) VALUES (44, 'Bernier Squares', '365', '1', '4', '36540', 'New Zealand');
INSERT INTO `direcciones` (`id`, `calle`, `numero`, `piso`, `puerta`, `codigo_postal`, `pais`) VALUES (45, 'Bins Loaf', '6139', '4', '3', '29904', 'Saint Pierre and Miquelon');
INSERT INTO `direcciones` (`id`, `calle`, `numero`, `piso`, `puerta`, `codigo_postal`, `pais`) VALUES (46, 'Moen Ridges', '549', '6', '8', '09255', 'Barbados');
INSERT INTO `direcciones` (`id`, `calle`, `numero`, `piso`, `puerta`, `codigo_postal`, `pais`) VALUES (47, 'Rodolfo Parkways', '134', '9', '9', '47214', 'Jordan');
INSERT INTO `direcciones` (`id`, `calle`, `numero`, `piso`, `puerta`, `codigo_postal`, `pais`) VALUES (48, 'Cormier Ridge', '385', '2', '9', '34959', 'Brunei Darussalam');
INSERT INTO `direcciones` (`id`, `calle`, `numero`, `piso`, `puerta`, `codigo_postal`, `pais`) VALUES (49, 'Emery Rapid', '19474', '5', '2', '60032', 'Netherlands Antilles');
INSERT INTO `direcciones` (`id`, `calle`, `numero`, `piso`, `puerta`, `codigo_postal`, `pais`) VALUES (50, 'William Pike', '047', '3', '7', '98791', 'United States of America');
INSERT INTO `direcciones` (`id`, `calle`, `numero`, `piso`, `puerta`, `codigo_postal`, `pais`) VALUES (51, 'Vance Lane', '363', '7', '6', '04399', 'Azerbaijan');
INSERT INTO `direcciones` (`id`, `calle`, `numero`, `piso`, `puerta`, `codigo_postal`, `pais`) VALUES (52, 'Jaquan Manors', '679', '8', '5', '55057', 'Ghana');
INSERT INTO `direcciones` (`id`, `calle`, `numero`, `piso`, `puerta`, `codigo_postal`, `pais`) VALUES (53, 'Arvel Causeway', '13405', '1', '1', '15948', 'Kyrgyz Republic');
INSERT INTO `direcciones` (`id`, `calle`, `numero`, `piso`, `puerta`, `codigo_postal`, `pais`) VALUES (54, 'Dicki Ford', '33126', '5', '8', '31268', 'Slovenia');
INSERT INTO `direcciones` (`id`, `calle`, `numero`, `piso`, `puerta`, `codigo_postal`, `pais`) VALUES (55, 'Roberts Isle', '22879', '7', '6', '22404', 'Northern Mariana Islands');
INSERT INTO `direcciones` (`id`, `calle`, `numero`, `piso`, `puerta`, `codigo_postal`, `pais`) VALUES (56, 'Torphy Meadow', '079', '1', '9', '93971', 'San Marino');
INSERT INTO `direcciones` (`id`, `calle`, `numero`, `piso`, `puerta`, `codigo_postal`, `pais`) VALUES (57, 'Moen Underpass', '2611', '3', '4', '65570', 'New Zealand');
INSERT INTO `direcciones` (`id`, `calle`, `numero`, `piso`, `puerta`, `codigo_postal`, `pais`) VALUES (58, 'Gutmann Gardens', '77683', '4', '2', '32386', 'Turkmenistan');
INSERT INTO `direcciones` (`id`, `calle`, `numero`, `piso`, `puerta`, `codigo_postal`, `pais`) VALUES (59, 'Emard Mountains', '825', '8', '3', '30020', 'Saint Pierre and Miquelon');
INSERT INTO `direcciones` (`id`, `calle`, `numero`, `piso`, `puerta`, `codigo_postal`, `pais`) VALUES (60, 'Wolff Spur', '30399', '3', '8', '21675', 'United States Virgin Islands');
INSERT INTO `direcciones` (`id`, `calle`, `numero`, `piso`, `puerta`, `codigo_postal`, `pais`) VALUES (61, 'Mueller Pines', '5902', '7', '3', '74285', 'Vanuatu');
INSERT INTO `direcciones` (`id`, `calle`, `numero`, `piso`, `puerta`, `codigo_postal`, `pais`) VALUES (62, 'Clovis Points', '003', '1', '6', '11567', 'Tokelau');
INSERT INTO `direcciones` (`id`, `calle`, `numero`, `piso`, `puerta`, `codigo_postal`, `pais`) VALUES (63, 'Darryl Fields', '9845', '4', '1', '23471', 'Lebanon');
INSERT INTO `direcciones` (`id`, `calle`, `numero`, `piso`, `puerta`, `codigo_postal`, `pais`) VALUES (64, 'Kreiger Extensions', '43856', '2', '8', '61173', 'Chile');
INSERT INTO `direcciones` (`id`, `calle`, `numero`, `piso`, `puerta`, `codigo_postal`, `pais`) VALUES (65, 'Legros Keys', '9754', '6', '1', '21680', 'Guinea');
INSERT INTO `direcciones` (`id`, `calle`, `numero`, `piso`, `puerta`, `codigo_postal`, `pais`) VALUES (66, 'Jannie Loaf', '761', '5', '4', '08823', 'French Guiana');
INSERT INTO `direcciones` (`id`, `calle`, `numero`, `piso`, `puerta`, `codigo_postal`, `pais`) VALUES (67, 'Lebsack Club', '61080', '3', '6', '14759', 'British Indian Ocean Territory (Chagos Archip');
INSERT INTO `direcciones` (`id`, `calle`, `numero`, `piso`, `puerta`, `codigo_postal`, `pais`) VALUES (68, 'Donnelly Harbor', '7715', '6', '2', '71893', 'Serbia');
INSERT INTO `direcciones` (`id`, `calle`, `numero`, `piso`, `puerta`, `codigo_postal`, `pais`) VALUES (69, 'Windler Springs', '63401', '9', '2', '90033', 'South Africa');
INSERT INTO `direcciones` (`id`, `calle`, `numero`, `piso`, `puerta`, `codigo_postal`, `pais`) VALUES (70, 'Bridget Walk', '9647', '4', '6', '24849', 'Sao Tome and Principe');
INSERT INTO `direcciones` (`id`, `calle`, `numero`, `piso`, `puerta`, `codigo_postal`, `pais`) VALUES (71, 'Christiansen Springs', '11886', '7', '8', '40826', 'Comoros');
INSERT INTO `direcciones` (`id`, `calle`, `numero`, `piso`, `puerta`, `codigo_postal`, `pais`) VALUES (72, 'Cole Well', '787', '8', '2', '50082', 'Norway');
INSERT INTO `direcciones` (`id`, `calle`, `numero`, `piso`, `puerta`, `codigo_postal`, `pais`) VALUES (73, 'Blanda Brooks', '852', '2', '7', '85622', 'Sri Lanka');
INSERT INTO `direcciones` (`id`, `calle`, `numero`, `piso`, `puerta`, `codigo_postal`, `pais`) VALUES (74, 'Adams Mill', '156', '4', '2', '78190', 'Singapore');
INSERT INTO `direcciones` (`id`, `calle`, `numero`, `piso`, `puerta`, `codigo_postal`, `pais`) VALUES (75, 'Eleanore Fall', '7074', '1', '7', '29886', 'Guinea');
INSERT INTO `direcciones` (`id`, `calle`, `numero`, `piso`, `puerta`, `codigo_postal`, `pais`) VALUES (76, 'Feest Brooks', '111', '9', '3', '61769', 'Nigeria');
INSERT INTO `direcciones` (`id`, `calle`, `numero`, `piso`, `puerta`, `codigo_postal`, `pais`) VALUES (77, 'Toni Gardens', '716', '3', '6', '02239', 'Cuba');
INSERT INTO `direcciones` (`id`, `calle`, `numero`, `piso`, `puerta`, `codigo_postal`, `pais`) VALUES (78, 'Rowe Fords', '57297', '6', '4', '77945', 'Taiwan');
INSERT INTO `direcciones` (`id`, `calle`, `numero`, `piso`, `puerta`, `codigo_postal`, `pais`) VALUES (79, 'Felton Green', '80237', '7', '6', '16126', 'Finland');
INSERT INTO `direcciones` (`id`, `calle`, `numero`, `piso`, `puerta`, `codigo_postal`, `pais`) VALUES (80, 'Flo Junction', '976', '4', '2', '72234', 'Guinea-Bissau');
INSERT INTO `direcciones` (`id`, `calle`, `numero`, `piso`, `puerta`, `codigo_postal`, `pais`) VALUES (81, 'Koss Unions', '394', '4', '5', '33885', 'Turkmenistan');
INSERT INTO `direcciones` (`id`, `calle`, `numero`, `piso`, `puerta`, `codigo_postal`, `pais`) VALUES (82, 'Altenwerth Knoll', '330', '5', '1', '70449', 'Tajikistan');
INSERT INTO `direcciones` (`id`, `calle`, `numero`, `piso`, `puerta`, `codigo_postal`, `pais`) VALUES (83, 'Cristobal Valley', '27236', '6', '3', '91636', 'Tunisia');
INSERT INTO `direcciones` (`id`, `calle`, `numero`, `piso`, `puerta`, `codigo_postal`, `pais`) VALUES (84, 'OKeefe Falls', '35015', '1', '7', '70010', 'Ghana');
INSERT INTO `direcciones` (`id`, `calle`, `numero`, `piso`, `puerta`, `codigo_postal`, `pais`) VALUES (85, 'Dach Pines', '409', '1', '8', '21508', 'Mali');
INSERT INTO `direcciones` (`id`, `calle`, `numero`, `piso`, `puerta`, `codigo_postal`, `pais`) VALUES (86, 'Blanda Streets', '18054', '1', '6', '29900', 'Poland');
INSERT INTO `direcciones` (`id`, `calle`, `numero`, `piso`, `puerta`, `codigo_postal`, `pais`) VALUES (87, 'Dooley Dam', '938', '5', '6', '10621', 'United States of America');
INSERT INTO `direcciones` (`id`, `calle`, `numero`, `piso`, `puerta`, `codigo_postal`, `pais`) VALUES (88, 'Bruce Via', '07364', '1', '5', '42198', 'Tuvalu');
INSERT INTO `direcciones` (`id`, `calle`, `numero`, `piso`, `puerta`, `codigo_postal`, `pais`) VALUES (89, 'Streich Square', '695', '2', '3', '77870', 'Bangladesh');
INSERT INTO `direcciones` (`id`, `calle`, `numero`, `piso`, `puerta`, `codigo_postal`, `pais`) VALUES (90, 'Brennon Keys', '1789', '1', '8', '36300', 'Bolivia');
INSERT INTO `direcciones` (`id`, `calle`, `numero`, `piso`, `puerta`, `codigo_postal`, `pais`) VALUES (91, 'Bosco Tunnel', '7155', '2', '5', '06659', 'Reunion');
INSERT INTO `direcciones` (`id`, `calle`, `numero`, `piso`, `puerta`, `codigo_postal`, `pais`) VALUES (92, 'Hilpert Mews', '4062', '4', '2', '02292', 'Nicaragua');
INSERT INTO `direcciones` (`id`, `calle`, `numero`, `piso`, `puerta`, `codigo_postal`, `pais`) VALUES (93, 'Huel Squares', '642', '3', '2', '15329', 'Grenada');
INSERT INTO `direcciones` (`id`, `calle`, `numero`, `piso`, `puerta`, `codigo_postal`, `pais`) VALUES (94, 'Kunde Track', '9250', '7', '1', '27083', 'Korea');
INSERT INTO `direcciones` (`id`, `calle`, `numero`, `piso`, `puerta`, `codigo_postal`, `pais`) VALUES (95, 'William Row', '93994', '8', '5', '58941', 'Palau');
INSERT INTO `direcciones` (`id`, `calle`, `numero`, `piso`, `puerta`, `codigo_postal`, `pais`) VALUES (96, 'Cassin Circle', '0935', '1', '4', '33680', 'Timor-Leste');
INSERT INTO `direcciones` (`id`, `calle`, `numero`, `piso`, `puerta`, `codigo_postal`, `pais`) VALUES (97, 'Tina Isle', '492', '2', '5', '33839', 'Christmas Island');
INSERT INTO `direcciones` (`id`, `calle`, `numero`, `piso`, `puerta`, `codigo_postal`, `pais`) VALUES (98, 'Griffin Street', '582', '4', '4', '24419', 'Japan');
INSERT INTO `direcciones` (`id`, `calle`, `numero`, `piso`, `puerta`, `codigo_postal`, `pais`) VALUES (99, 'Adolfo Motorway', '7354', '2', '6', '20429', 'Guinea');
INSERT INTO `direcciones` (`id`, `calle`, `numero`, `piso`, `puerta`, `codigo_postal`, `pais`) VALUES (100, 'Claudie Mountains', '102', '9', '9', '71743', 'Bosnia and Herzegovina');

INSERT INTO `gafas` (`id`, `marca`, `graduacion_izquierda`, `graduacion_derecha`, `color_montura`, `color_vidrio_izquierda`, `color_vidrio_derecha`, `precio`, `proveedores_id`, `vendedores_id`, `clientes_id`) VALUES (1, 'Borer PLC', '20', '3', 'blue', 'navy', 'maroon', '426', 1, 1, 401);
INSERT INTO `gafas` (`id`, `marca`, `graduacion_izquierda`, `graduacion_derecha`, `color_montura`, `color_vidrio_izquierda`, `color_vidrio_derecha`, `precio`, `proveedores_id`, `vendedores_id`, `clientes_id`) VALUES (2, 'Kunde-Hammes', '15', '2', 'white', 'fuchsia', 'silver', '218', 2, 2, 402);
INSERT INTO `gafas` (`id`, `marca`, `graduacion_izquierda`, `graduacion_derecha`, `color_montura`, `color_vidrio_izquierda`, `color_vidrio_derecha`, `precio`, `proveedores_id`, `vendedores_id`, `clientes_id`) VALUES (3, 'Bechtelar-Okuneva', '10', '22', 'navy', 'green', 'white', '192', 3, 3, 403);
INSERT INTO `gafas` (`id`, `marca`, `graduacion_izquierda`, `graduacion_derecha`, `color_montura`, `color_vidrio_izquierda`, `color_vidrio_derecha`, `precio`, `proveedores_id`, `vendedores_id`, `clientes_id`) VALUES (4, 'Ankunding Ltd', '23', '19', 'olive', 'olive', 'aqua', '455', 4, 4, 404);
INSERT INTO `gafas` (`id`, `marca`, `graduacion_izquierda`, `graduacion_derecha`, `color_montura`, `color_vidrio_izquierda`, `color_vidrio_derecha`, `precio`, `proveedores_id`, `vendedores_id`, `clientes_id`) VALUES (5, 'Gleichner, Haag and Leffler', '19', '20', 'white', 'purple', 'yellow', '286', 5, 5, 405);
INSERT INTO `gafas` (`id`, `marca`, `graduacion_izquierda`, `graduacion_derecha`, `color_montura`, `color_vidrio_izquierda`, `color_vidrio_derecha`, `precio`, `proveedores_id`, `vendedores_id`, `clientes_id`) VALUES (6, 'Botsford LLC', '21', '22', 'silver', 'fuchsia', 'blue', '380', 6, 6, 406);
INSERT INTO `gafas` (`id`, `marca`, `graduacion_izquierda`, `graduacion_derecha`, `color_montura`, `color_vidrio_izquierda`, `color_vidrio_derecha`, `precio`, `proveedores_id`, `vendedores_id`, `clientes_id`) VALUES (7, 'Larkin PLC', '8', '10', 'black', 'olive', 'olive', '155', 7, 7, 407);
INSERT INTO `gafas` (`id`, `marca`, `graduacion_izquierda`, `graduacion_derecha`, `color_montura`, `color_vidrio_izquierda`, `color_vidrio_derecha`, `precio`, `proveedores_id`, `vendedores_id`, `clientes_id`) VALUES (8, 'Mante Inc', '15', '13', 'teal', 'olive', 'purple', '162', 8, 8, 408);
INSERT INTO `gafas` (`id`, `marca`, `graduacion_izquierda`, `graduacion_derecha`, `color_montura`, `color_vidrio_izquierda`, `color_vidrio_derecha`, `precio`, `proveedores_id`, `vendedores_id`, `clientes_id`) VALUES (9, 'Maggio LLC', '7', '17', 'fuchsia', 'silver', 'black', '283', 9, 9, 409);
INSERT INTO `gafas` (`id`, `marca`, `graduacion_izquierda`, `graduacion_derecha`, `color_montura`, `color_vidrio_izquierda`, `color_vidrio_derecha`, `precio`, `proveedores_id`, `vendedores_id`, `clientes_id`) VALUES (10, 'Johnson-Bosco', '8', '4', 'black', 'green', 'black', '176', 10, 10, 410);
INSERT INTO `gafas` (`id`, `marca`, `graduacion_izquierda`, `graduacion_derecha`, `color_montura`, `color_vidrio_izquierda`, `color_vidrio_derecha`, `precio`, `proveedores_id`, `vendedores_id`, `clientes_id`) VALUES (11, 'Labadie, Luettgen and Simonis', '4', '22', 'fuchsia', 'teal', 'yellow', '119', 1, 1, 411);
INSERT INTO `gafas` (`id`, `marca`, `graduacion_izquierda`, `graduacion_derecha`, `color_montura`, `color_vidrio_izquierda`, `color_vidrio_derecha`, `precio`, `proveedores_id`, `vendedores_id`, `clientes_id`) VALUES (12, 'Jerde, Bogisich and Kreiger', '19', '22', 'fuchsia', 'navy', 'maroon', '467', 2, 2, 412);
INSERT INTO `gafas` (`id`, `marca`, `graduacion_izquierda`, `graduacion_derecha`, `color_montura`, `color_vidrio_izquierda`, `color_vidrio_derecha`, `precio`, `proveedores_id`, `vendedores_id`, `clientes_id`) VALUES (13, 'Wisoky LLC', '8', '21', 'blue', 'teal', 'blue', '101', 3, 3, 413);
INSERT INTO `gafas` (`id`, `marca`, `graduacion_izquierda`, `graduacion_derecha`, `color_montura`, `color_vidrio_izquierda`, `color_vidrio_derecha`, `precio`, `proveedores_id`, `vendedores_id`, `clientes_id`) VALUES (14, 'Stamm, Russel and Ullrich', '0', '6', 'gray', 'olive', 'lime', '141', 4, 4, 414);
INSERT INTO `gafas` (`id`, `marca`, `graduacion_izquierda`, `graduacion_derecha`, `color_montura`, `color_vidrio_izquierda`, `color_vidrio_derecha`, `precio`, `proveedores_id`, `vendedores_id`, `clientes_id`) VALUES (15, 'Keebler-Murphy', '23', '25', 'fuchsia', 'maroon', 'green', '442', 5, 5, 415);
INSERT INTO `gafas` (`id`, `marca`, `graduacion_izquierda`, `graduacion_derecha`, `color_montura`, `color_vidrio_izquierda`, `color_vidrio_derecha`, `precio`, `proveedores_id`, `vendedores_id`, `clientes_id`) VALUES (16, 'Moen-Gutkowski', '12', '3', 'green', 'maroon', 'lime', '434', 6, 6, 416);
INSERT INTO `gafas` (`id`, `marca`, `graduacion_izquierda`, `graduacion_derecha`, `color_montura`, `color_vidrio_izquierda`, `color_vidrio_derecha`, `precio`, `proveedores_id`, `vendedores_id`, `clientes_id`) VALUES (17, 'Hegmann Ltd', '23', '18', 'teal', 'green', 'gray', '291', 7, 7, 417);
INSERT INTO `gafas` (`id`, `marca`, `graduacion_izquierda`, `graduacion_derecha`, `color_montura`, `color_vidrio_izquierda`, `color_vidrio_derecha`, `precio`, `proveedores_id`, `vendedores_id`, `clientes_id`) VALUES (18, 'Ondricka-Reinger', '18', '3', 'teal', 'fuchsia', 'yellow', '145', 8, 8, 418);
INSERT INTO `gafas` (`id`, `marca`, `graduacion_izquierda`, `graduacion_derecha`, `color_montura`, `color_vidrio_izquierda`, `color_vidrio_derecha`, `precio`, `proveedores_id`, `vendedores_id`, `clientes_id`) VALUES (19, 'Mohr Inc', '23', '21', 'aqua', 'white', 'teal', '254', 9, 9, 419);
INSERT INTO `gafas` (`id`, `marca`, `graduacion_izquierda`, `graduacion_derecha`, `color_montura`, `color_vidrio_izquierda`, `color_vidrio_derecha`, `precio`, `proveedores_id`, `vendedores_id`, `clientes_id`) VALUES (20, 'Klocko, DAmore and Schuster', '23', '14', 'purple', 'maroon', 'maroon', '421', 10, 10, 420);
INSERT INTO `gafas` (`id`, `marca`, `graduacion_izquierda`, `graduacion_derecha`, `color_montura`, `color_vidrio_izquierda`, `color_vidrio_derecha`, `precio`, `proveedores_id`, `vendedores_id`, `clientes_id`) VALUES (21, 'Boehm and Sons', '23', '13', 'purple', 'navy', 'blue', '380', 1, 1, 421);
INSERT INTO `gafas` (`id`, `marca`, `graduacion_izquierda`, `graduacion_derecha`, `color_montura`, `color_vidrio_izquierda`, `color_vidrio_derecha`, `precio`, `proveedores_id`, `vendedores_id`, `clientes_id`) VALUES (22, 'Nitzsche, McDermott and Renner', '13', '13', 'navy', 'navy', 'purple', '367', 2, 2, 422);
INSERT INTO `gafas` (`id`, `marca`, `graduacion_izquierda`, `graduacion_derecha`, `color_montura`, `color_vidrio_izquierda`, `color_vidrio_derecha`, `precio`, `proveedores_id`, `vendedores_id`, `clientes_id`) VALUES (23, 'OKon-Goyette', '22', '11', 'lime', 'green', 'black', '238', 3, 3, 423);
INSERT INTO `gafas` (`id`, `marca`, `graduacion_izquierda`, `graduacion_derecha`, `color_montura`, `color_vidrio_izquierda`, `color_vidrio_derecha`, `precio`, `proveedores_id`, `vendedores_id`, `clientes_id`) VALUES (24, 'Wintheiser-Ebert', '18', '3', 'navy', 'fuchsia', 'fuchsia', '110', 4, 4, 424);
INSERT INTO `gafas` (`id`, `marca`, `graduacion_izquierda`, `graduacion_derecha`, `color_montura`, `color_vidrio_izquierda`, `color_vidrio_derecha`, `precio`, `proveedores_id`, `vendedores_id`, `clientes_id`) VALUES (25, 'Nikolaus, Ledner and Beier', '25', '23', 'navy', 'olive', 'green', '317', 5, 5, 425);
INSERT INTO `gafas` (`id`, `marca`, `graduacion_izquierda`, `graduacion_derecha`, `color_montura`, `color_vidrio_izquierda`, `color_vidrio_derecha`, `precio`, `proveedores_id`, `vendedores_id`, `clientes_id`) VALUES (26, 'Conn-Bode', '10', '19', 'fuchsia', 'purple', 'fuchsia', '359', 6, 6, 426);
INSERT INTO `gafas` (`id`, `marca`, `graduacion_izquierda`, `graduacion_derecha`, `color_montura`, `color_vidrio_izquierda`, `color_vidrio_derecha`, `precio`, `proveedores_id`, `vendedores_id`, `clientes_id`) VALUES (27, 'McKenzie, Kuphal and Schiller', '3', '14', 'yellow', 'gray', 'navy', '301', 7, 7, 427);
INSERT INTO `gafas` (`id`, `marca`, `graduacion_izquierda`, `graduacion_derecha`, `color_montura`, `color_vidrio_izquierda`, `color_vidrio_derecha`, `precio`, `proveedores_id`, `vendedores_id`, `clientes_id`) VALUES (28, 'Batz, Zemlak and Schulist', '12', '23', 'silver', 'teal', 'maroon', '105', 8, 8, 428);
INSERT INTO `gafas` (`id`, `marca`, `graduacion_izquierda`, `graduacion_derecha`, `color_montura`, `color_vidrio_izquierda`, `color_vidrio_derecha`, `precio`, `proveedores_id`, `vendedores_id`, `clientes_id`) VALUES (29, 'Nolan, Huels and Kertzmann', '18', '11', 'silver', 'navy', 'yellow', '216', 9, 9, 429);
INSERT INTO `gafas` (`id`, `marca`, `graduacion_izquierda`, `graduacion_derecha`, `color_montura`, `color_vidrio_izquierda`, `color_vidrio_derecha`, `precio`, `proveedores_id`, `vendedores_id`, `clientes_id`) VALUES (30, 'Moore-Mayer', '17', '25', 'teal', 'blue', 'lime', '353', 10, 10, 430);
INSERT INTO `gafas` (`id`, `marca`, `graduacion_izquierda`, `graduacion_derecha`, `color_montura`, `color_vidrio_izquierda`, `color_vidrio_derecha`, `precio`, `proveedores_id`, `vendedores_id`, `clientes_id`) VALUES (31, 'Rohan-Nolan', '23', '5', 'yellow', 'white', 'maroon', '415', 1, 1, 431);
INSERT INTO `gafas` (`id`, `marca`, `graduacion_izquierda`, `graduacion_derecha`, `color_montura`, `color_vidrio_izquierda`, `color_vidrio_derecha`, `precio`, `proveedores_id`, `vendedores_id`, `clientes_id`) VALUES (32, 'Jast, Tillman and Skiles', '2', '1', 'white', 'maroon', 'black', '223', 2, 2, 432);
INSERT INTO `gafas` (`id`, `marca`, `graduacion_izquierda`, `graduacion_derecha`, `color_montura`, `color_vidrio_izquierda`, `color_vidrio_derecha`, `precio`, `proveedores_id`, `vendedores_id`, `clientes_id`) VALUES (33, 'Pacocha, Pollich and Ankunding', '3', '10', 'purple', 'navy', 'green', '376', 3, 3, 433);
INSERT INTO `gafas` (`id`, `marca`, `graduacion_izquierda`, `graduacion_derecha`, `color_montura`, `color_vidrio_izquierda`, `color_vidrio_derecha`, `precio`, `proveedores_id`, `vendedores_id`, `clientes_id`) VALUES (34, 'Bins-Keeling', '5', '12', 'maroon', 'fuchsia', 'white', '128', 4, 4, 434);
INSERT INTO `gafas` (`id`, `marca`, `graduacion_izquierda`, `graduacion_derecha`, `color_montura`, `color_vidrio_izquierda`, `color_vidrio_derecha`, `precio`, `proveedores_id`, `vendedores_id`, `clientes_id`) VALUES (35, 'Mann-OKon', '9', '13', 'olive', 'silver', 'lime', '474', 5, 5, 435);
INSERT INTO `gafas` (`id`, `marca`, `graduacion_izquierda`, `graduacion_derecha`, `color_montura`, `color_vidrio_izquierda`, `color_vidrio_derecha`, `precio`, `proveedores_id`, `vendedores_id`, `clientes_id`) VALUES (36, 'Runolfsson Ltd', '5', '14', 'aqua', 'purple', 'olive', '109', 6, 6, 436);
INSERT INTO `gafas` (`id`, `marca`, `graduacion_izquierda`, `graduacion_derecha`, `color_montura`, `color_vidrio_izquierda`, `color_vidrio_derecha`, `precio`, `proveedores_id`, `vendedores_id`, `clientes_id`) VALUES (37, 'Metz Group', '20', '2', 'aqua', 'gray', 'aqua', '149', 7, 7, 437);
INSERT INTO `gafas` (`id`, `marca`, `graduacion_izquierda`, `graduacion_derecha`, `color_montura`, `color_vidrio_izquierda`, `color_vidrio_derecha`, `precio`, `proveedores_id`, `vendedores_id`, `clientes_id`) VALUES (38, 'Abshire PLC', '9', '10', 'black', 'olive', 'gray', '425', 8, 8, 438);
INSERT INTO `gafas` (`id`, `marca`, `graduacion_izquierda`, `graduacion_derecha`, `color_montura`, `color_vidrio_izquierda`, `color_vidrio_derecha`, `precio`, `proveedores_id`, `vendedores_id`, `clientes_id`) VALUES (39, 'Flatley, Fritsch and OConner', '7', '9', 'aqua', 'lime', 'fuchsia', '408', 9, 9, 439);
INSERT INTO `gafas` (`id`, `marca`, `graduacion_izquierda`, `graduacion_derecha`, `color_montura`, `color_vidrio_izquierda`, `color_vidrio_derecha`, `precio`, `proveedores_id`, `vendedores_id`, `clientes_id`) VALUES (40, 'Barton Ltd', '17', '6', 'white', 'olive', 'teal', '301', 10, 10, 440);
INSERT INTO `gafas` (`id`, `marca`, `graduacion_izquierda`, `graduacion_derecha`, `color_montura`, `color_vidrio_izquierda`, `color_vidrio_derecha`, `precio`, `proveedores_id`, `vendedores_id`, `clientes_id`) VALUES (41, 'Dibbert, Morar and Yost', '7', '21', 'lime', 'white', 'blue', '112', 1, 1, 441);
INSERT INTO `gafas` (`id`, `marca`, `graduacion_izquierda`, `graduacion_derecha`, `color_montura`, `color_vidrio_izquierda`, `color_vidrio_derecha`, `precio`, `proveedores_id`, `vendedores_id`, `clientes_id`) VALUES (42, 'Hills, Green and Flatley', '5', '9', 'maroon', 'green', 'gray', '282', 2, 2, 442);
INSERT INTO `gafas` (`id`, `marca`, `graduacion_izquierda`, `graduacion_derecha`, `color_montura`, `color_vidrio_izquierda`, `color_vidrio_derecha`, `precio`, `proveedores_id`, `vendedores_id`, `clientes_id`) VALUES (43, 'Braun and Sons', '14', '5', 'olive', 'maroon', 'olive', '330', 3, 3, 443);
INSERT INTO `gafas` (`id`, `marca`, `graduacion_izquierda`, `graduacion_derecha`, `color_montura`, `color_vidrio_izquierda`, `color_vidrio_derecha`, `precio`, `proveedores_id`, `vendedores_id`, `clientes_id`) VALUES (44, 'Block, Muller and Kling', '16', '4', 'silver', 'black', 'lime', '471', 4, 4, 444);
INSERT INTO `gafas` (`id`, `marca`, `graduacion_izquierda`, `graduacion_derecha`, `color_montura`, `color_vidrio_izquierda`, `color_vidrio_derecha`, `precio`, `proveedores_id`, `vendedores_id`, `clientes_id`) VALUES (45, 'Graham, Funk and Cartwright', '17', '18', 'silver', 'olive', 'white', '179', 5, 5, 445);
INSERT INTO `gafas` (`id`, `marca`, `graduacion_izquierda`, `graduacion_derecha`, `color_montura`, `color_vidrio_izquierda`, `color_vidrio_derecha`, `precio`, `proveedores_id`, `vendedores_id`, `clientes_id`) VALUES (46, 'Romaguera-Dickens', '4', '4', 'maroon', 'purple', 'fuchsia', '278', 6, 6, 446);
INSERT INTO `gafas` (`id`, `marca`, `graduacion_izquierda`, `graduacion_derecha`, `color_montura`, `color_vidrio_izquierda`, `color_vidrio_derecha`, `precio`, `proveedores_id`, `vendedores_id`, `clientes_id`) VALUES (47, 'Runolfsson LLC', '15', '6', 'aqua', 'purple', 'green', '236', 7, 7, 447);
INSERT INTO `gafas` (`id`, `marca`, `graduacion_izquierda`, `graduacion_derecha`, `color_montura`, `color_vidrio_izquierda`, `color_vidrio_derecha`, `precio`, `proveedores_id`, `vendedores_id`, `clientes_id`) VALUES (48, 'Eichmann, Purdy and Hills', '16', '5', 'aqua', 'purple', 'blue', '411', 8, 8, 448);
INSERT INTO `gafas` (`id`, `marca`, `graduacion_izquierda`, `graduacion_derecha`, `color_montura`, `color_vidrio_izquierda`, `color_vidrio_derecha`, `precio`, `proveedores_id`, `vendedores_id`, `clientes_id`) VALUES (49, 'Harvey LLC', '25', '9', 'lime', 'navy', 'yellow', '165', 9, 9, 449);
INSERT INTO `gafas` (`id`, `marca`, `graduacion_izquierda`, `graduacion_derecha`, `color_montura`, `color_vidrio_izquierda`, `color_vidrio_derecha`, `precio`, `proveedores_id`, `vendedores_id`, `clientes_id`) VALUES (50, 'Dickens-Kozey', '11', '3', 'green', 'lime', 'black', '475', 10, 10, 450);
INSERT INTO `gafas` (`id`, `marca`, `graduacion_izquierda`, `graduacion_derecha`, `color_montura`, `color_vidrio_izquierda`, `color_vidrio_derecha`, `precio`, `proveedores_id`, `vendedores_id`, `clientes_id`) VALUES (51, 'Gleichner LLC', '10', '1', 'silver', 'yellow', 'maroon', '313', 1, 1, 451);
INSERT INTO `gafas` (`id`, `marca`, `graduacion_izquierda`, `graduacion_derecha`, `color_montura`, `color_vidrio_izquierda`, `color_vidrio_derecha`, `precio`, `proveedores_id`, `vendedores_id`, `clientes_id`) VALUES (52, 'Bogan, Morissette and Funk', '23', '10', 'maroon', 'maroon', 'black', '290', 2, 2, 452);
INSERT INTO `gafas` (`id`, `marca`, `graduacion_izquierda`, `graduacion_derecha`, `color_montura`, `color_vidrio_izquierda`, `color_vidrio_derecha`, `precio`, `proveedores_id`, `vendedores_id`, `clientes_id`) VALUES (53, 'McKenzie, Wilderman and Bauch', '17', '3', 'lime', 'lime', 'fuchsia', '216', 3, 3, 453);
INSERT INTO `gafas` (`id`, `marca`, `graduacion_izquierda`, `graduacion_derecha`, `color_montura`, `color_vidrio_izquierda`, `color_vidrio_derecha`, `precio`, `proveedores_id`, `vendedores_id`, `clientes_id`) VALUES (54, 'Rau-Torphy', '7', '17', 'teal', 'lime', 'teal', '289', 4, 4, 454);
INSERT INTO `gafas` (`id`, `marca`, `graduacion_izquierda`, `graduacion_derecha`, `color_montura`, `color_vidrio_izquierda`, `color_vidrio_derecha`, `precio`, `proveedores_id`, `vendedores_id`, `clientes_id`) VALUES (55, 'Gutkowski, Hills and Watsica', '3', '22', 'black', 'silver', 'lime', '377', 5, 5, 455);
INSERT INTO `gafas` (`id`, `marca`, `graduacion_izquierda`, `graduacion_derecha`, `color_montura`, `color_vidrio_izquierda`, `color_vidrio_derecha`, `precio`, `proveedores_id`, `vendedores_id`, `clientes_id`) VALUES (56, 'Kiehn, Kshlerin and Kihn', '16', '13', 'white', 'purple', 'green', '202', 6, 6, 456);
INSERT INTO `gafas` (`id`, `marca`, `graduacion_izquierda`, `graduacion_derecha`, `color_montura`, `color_vidrio_izquierda`, `color_vidrio_derecha`, `precio`, `proveedores_id`, `vendedores_id`, `clientes_id`) VALUES (57, 'Thiel, Tillman and Kris', '17', '21', 'navy', 'maroon', 'aqua', '356', 7, 7, 457);
INSERT INTO `gafas` (`id`, `marca`, `graduacion_izquierda`, `graduacion_derecha`, `color_montura`, `color_vidrio_izquierda`, `color_vidrio_derecha`, `precio`, `proveedores_id`, `vendedores_id`, `clientes_id`) VALUES (58, 'Lemke-Huel', '7', '8', 'teal', 'white', 'black', '390', 8, 8, 458);
INSERT INTO `gafas` (`id`, `marca`, `graduacion_izquierda`, `graduacion_derecha`, `color_montura`, `color_vidrio_izquierda`, `color_vidrio_derecha`, `precio`, `proveedores_id`, `vendedores_id`, `clientes_id`) VALUES (59, 'Schaden, Toy and Bernier', '12', '1', 'navy', 'olive', 'purple', '439', 9, 9, 459);
INSERT INTO `gafas` (`id`, `marca`, `graduacion_izquierda`, `graduacion_derecha`, `color_montura`, `color_vidrio_izquierda`, `color_vidrio_derecha`, `precio`, `proveedores_id`, `vendedores_id`, `clientes_id`) VALUES (60, 'Konopelski, Homenick and King', '19', '8', 'black', 'fuchsia', 'purple', '178', 10, 10, 460);
INSERT INTO `gafas` (`id`, `marca`, `graduacion_izquierda`, `graduacion_derecha`, `color_montura`, `color_vidrio_izquierda`, `color_vidrio_derecha`, `precio`, `proveedores_id`, `vendedores_id`, `clientes_id`) VALUES (61, 'Okuneva-Rau', '2', '18', 'green', 'purple', 'green', '499', 1, 1, 461);
INSERT INTO `gafas` (`id`, `marca`, `graduacion_izquierda`, `graduacion_derecha`, `color_montura`, `color_vidrio_izquierda`, `color_vidrio_derecha`, `precio`, `proveedores_id`, `vendedores_id`, `clientes_id`) VALUES (62, 'Cole-Block', '14', '23', 'silver', 'white', 'silver', '177', 2, 2, 462);
INSERT INTO `gafas` (`id`, `marca`, `graduacion_izquierda`, `graduacion_derecha`, `color_montura`, `color_vidrio_izquierda`, `color_vidrio_derecha`, `precio`, `proveedores_id`, `vendedores_id`, `clientes_id`) VALUES (63, 'Kihn, Koss and Shields', '0', '9', 'purple', 'lime', 'blue', '206', 3, 3, 463);
INSERT INTO `gafas` (`id`, `marca`, `graduacion_izquierda`, `graduacion_derecha`, `color_montura`, `color_vidrio_izquierda`, `color_vidrio_derecha`, `precio`, `proveedores_id`, `vendedores_id`, `clientes_id`) VALUES (64, 'Gislason-Satterfield', '21', '5', 'gray', 'lime', 'purple', '498', 4, 4, 464);
INSERT INTO `gafas` (`id`, `marca`, `graduacion_izquierda`, `graduacion_derecha`, `color_montura`, `color_vidrio_izquierda`, `color_vidrio_derecha`, `precio`, `proveedores_id`, `vendedores_id`, `clientes_id`) VALUES (65, 'Russel, Gorczany and Kuhlman', '14', '7', 'white', 'green', 'lime', '297', 5, 5, 465);
INSERT INTO `gafas` (`id`, `marca`, `graduacion_izquierda`, `graduacion_derecha`, `color_montura`, `color_vidrio_izquierda`, `color_vidrio_derecha`, `precio`, `proveedores_id`, `vendedores_id`, `clientes_id`) VALUES (66, 'Zieme PLC', '20', '23', 'maroon', 'purple', 'yellow', '141', 6, 6, 466);
INSERT INTO `gafas` (`id`, `marca`, `graduacion_izquierda`, `graduacion_derecha`, `color_montura`, `color_vidrio_izquierda`, `color_vidrio_derecha`, `precio`, `proveedores_id`, `vendedores_id`, `clientes_id`) VALUES (67, 'Smitham, Durgan and Erdman', '14', '13', 'fuchsia', 'purple', 'gray', '426', 7, 7, 467);
INSERT INTO `gafas` (`id`, `marca`, `graduacion_izquierda`, `graduacion_derecha`, `color_montura`, `color_vidrio_izquierda`, `color_vidrio_derecha`, `precio`, `proveedores_id`, `vendedores_id`, `clientes_id`) VALUES (68, 'Reinger, Kirlin and Prohaska', '12', '22', 'silver', 'white', 'olive', '409', 8, 8, 468);
INSERT INTO `gafas` (`id`, `marca`, `graduacion_izquierda`, `graduacion_derecha`, `color_montura`, `color_vidrio_izquierda`, `color_vidrio_derecha`, `precio`, `proveedores_id`, `vendedores_id`, `clientes_id`) VALUES (69, 'Spencer-Macejkovic', '18', '7', 'silver', 'white', 'black', '267', 9, 9, 469);
INSERT INTO `gafas` (`id`, `marca`, `graduacion_izquierda`, `graduacion_derecha`, `color_montura`, `color_vidrio_izquierda`, `color_vidrio_derecha`, `precio`, `proveedores_id`, `vendedores_id`, `clientes_id`) VALUES (70, 'Grant-Zieme', '0', '2', 'maroon', 'silver', 'navy', '185', 10, 10, 470);
INSERT INTO `gafas` (`id`, `marca`, `graduacion_izquierda`, `graduacion_derecha`, `color_montura`, `color_vidrio_izquierda`, `color_vidrio_derecha`, `precio`, `proveedores_id`, `vendedores_id`, `clientes_id`) VALUES (71, 'Tremblay LLC', '6', '5', 'teal', 'lime', 'maroon', '393', 1, 1, 471);
INSERT INTO `gafas` (`id`, `marca`, `graduacion_izquierda`, `graduacion_derecha`, `color_montura`, `color_vidrio_izquierda`, `color_vidrio_derecha`, `precio`, `proveedores_id`, `vendedores_id`, `clientes_id`) VALUES (72, 'Funk-Nikolaus', '13', '1', 'olive', 'purple', 'green', '498', 2, 2, 472);
INSERT INTO `gafas` (`id`, `marca`, `graduacion_izquierda`, `graduacion_derecha`, `color_montura`, `color_vidrio_izquierda`, `color_vidrio_derecha`, `precio`, `proveedores_id`, `vendedores_id`, `clientes_id`) VALUES (73, 'Anderson-Larkin', '8', '6', 'gray', 'black', 'fuchsia', '174', 3, 3, 473);
INSERT INTO `gafas` (`id`, `marca`, `graduacion_izquierda`, `graduacion_derecha`, `color_montura`, `color_vidrio_izquierda`, `color_vidrio_derecha`, `precio`, `proveedores_id`, `vendedores_id`, `clientes_id`) VALUES (74, 'OReilly, Keebler and Weimann', '14', '25', 'black', 'aqua', 'fuchsia', '133', 4, 4, 474);
INSERT INTO `gafas` (`id`, `marca`, `graduacion_izquierda`, `graduacion_derecha`, `color_montura`, `color_vidrio_izquierda`, `color_vidrio_derecha`, `precio`, `proveedores_id`, `vendedores_id`, `clientes_id`) VALUES (75, 'Beatty and Sons', '19', '20', 'olive', 'yellow', 'olive', '425', 5, 5, 475);
INSERT INTO `gafas` (`id`, `marca`, `graduacion_izquierda`, `graduacion_derecha`, `color_montura`, `color_vidrio_izquierda`, `color_vidrio_derecha`, `precio`, `proveedores_id`, `vendedores_id`, `clientes_id`) VALUES (76, 'Hettinger Ltd', '5', '25', 'green', 'yellow', 'teal', '146', 6, 6, 476);
INSERT INTO `gafas` (`id`, `marca`, `graduacion_izquierda`, `graduacion_derecha`, `color_montura`, `color_vidrio_izquierda`, `color_vidrio_derecha`, `precio`, `proveedores_id`, `vendedores_id`, `clientes_id`) VALUES (77, 'Cruickshank-Ward', '24', '2', 'gray', 'teal', 'purple', '421', 7, 7, 477);
INSERT INTO `gafas` (`id`, `marca`, `graduacion_izquierda`, `graduacion_derecha`, `color_montura`, `color_vidrio_izquierda`, `color_vidrio_derecha`, `precio`, `proveedores_id`, `vendedores_id`, `clientes_id`) VALUES (78, 'Cole Group', '1', '23', 'lime', 'aqua', 'navy', '377', 8, 8, 478);
INSERT INTO `gafas` (`id`, `marca`, `graduacion_izquierda`, `graduacion_derecha`, `color_montura`, `color_vidrio_izquierda`, `color_vidrio_derecha`, `precio`, `proveedores_id`, `vendedores_id`, `clientes_id`) VALUES (79, 'Bergnaum-Walker', '18', '17', 'black', 'aqua', 'teal', '376', 9, 9, 479);
INSERT INTO `gafas` (`id`, `marca`, `graduacion_izquierda`, `graduacion_derecha`, `color_montura`, `color_vidrio_izquierda`, `color_vidrio_derecha`, `precio`, `proveedores_id`, `vendedores_id`, `clientes_id`) VALUES (80, 'Hodkiewicz-Orn', '8', '10', 'purple', 'teal', 'yellow', '157', 10, 10, 480);
INSERT INTO `gafas` (`id`, `marca`, `graduacion_izquierda`, `graduacion_derecha`, `color_montura`, `color_vidrio_izquierda`, `color_vidrio_derecha`, `precio`, `proveedores_id`, `vendedores_id`, `clientes_id`) VALUES (81, 'Parisian-Kunde', '19', '16', 'white', 'white', 'navy', '371', 1, 1, 481);
INSERT INTO `gafas` (`id`, `marca`, `graduacion_izquierda`, `graduacion_derecha`, `color_montura`, `color_vidrio_izquierda`, `color_vidrio_derecha`, `precio`, `proveedores_id`, `vendedores_id`, `clientes_id`) VALUES (82, 'Smith, VonRueden and Funk', '16', '5', 'maroon', 'aqua', 'navy', '179', 2, 2, 482);
INSERT INTO `gafas` (`id`, `marca`, `graduacion_izquierda`, `graduacion_derecha`, `color_montura`, `color_vidrio_izquierda`, `color_vidrio_derecha`, `precio`, `proveedores_id`, `vendedores_id`, `clientes_id`) VALUES (83, 'Senger, Bode and Hoeger', '8', '1', 'olive', 'purple', 'olive', '272', 3, 3, 483);
INSERT INTO `gafas` (`id`, `marca`, `graduacion_izquierda`, `graduacion_derecha`, `color_montura`, `color_vidrio_izquierda`, `color_vidrio_derecha`, `precio`, `proveedores_id`, `vendedores_id`, `clientes_id`) VALUES (84, 'Rodriguez LLC', '6', '12', 'blue', 'aqua', 'black', '298', 4, 4, 484);
INSERT INTO `gafas` (`id`, `marca`, `graduacion_izquierda`, `graduacion_derecha`, `color_montura`, `color_vidrio_izquierda`, `color_vidrio_derecha`, `precio`, `proveedores_id`, `vendedores_id`, `clientes_id`) VALUES (85, 'Schroeder Inc', '15', '9', 'aqua', 'purple', 'teal', '359', 5, 5, 485);
INSERT INTO `gafas` (`id`, `marca`, `graduacion_izquierda`, `graduacion_derecha`, `color_montura`, `color_vidrio_izquierda`, `color_vidrio_derecha`, `precio`, `proveedores_id`, `vendedores_id`, `clientes_id`) VALUES (86, 'Kuhn-Strosin', '13', '19', 'aqua', 'blue', 'gray', '436', 6, 6, 486);
INSERT INTO `gafas` (`id`, `marca`, `graduacion_izquierda`, `graduacion_derecha`, `color_montura`, `color_vidrio_izquierda`, `color_vidrio_derecha`, `precio`, `proveedores_id`, `vendedores_id`, `clientes_id`) VALUES (87, 'Baumbach, Will and Hand', '11', '6', 'green', 'yellow', 'green', '379', 7, 7, 487);
INSERT INTO `gafas` (`id`, `marca`, `graduacion_izquierda`, `graduacion_derecha`, `color_montura`, `color_vidrio_izquierda`, `color_vidrio_derecha`, `precio`, `proveedores_id`, `vendedores_id`, `clientes_id`) VALUES (88, 'Farrell and Sons', '19', '1', 'white', 'green', 'white', '328', 8, 8, 488);
INSERT INTO `gafas` (`id`, `marca`, `graduacion_izquierda`, `graduacion_derecha`, `color_montura`, `color_vidrio_izquierda`, `color_vidrio_derecha`, `precio`, `proveedores_id`, `vendedores_id`, `clientes_id`) VALUES (89, 'Price-Bradtke', '16', '24', 'navy', 'silver', 'purple', '324', 9, 9, 489);
INSERT INTO `gafas` (`id`, `marca`, `graduacion_izquierda`, `graduacion_derecha`, `color_montura`, `color_vidrio_izquierda`, `color_vidrio_derecha`, `precio`, `proveedores_id`, `vendedores_id`, `clientes_id`) VALUES (90, 'Hauck, Weber and Ryan', '21', '25', 'purple', 'white', 'olive', '156', 10, 10, 490);
INSERT INTO `gafas` (`id`, `marca`, `graduacion_izquierda`, `graduacion_derecha`, `color_montura`, `color_vidrio_izquierda`, `color_vidrio_derecha`, `precio`, `proveedores_id`, `vendedores_id`, `clientes_id`) VALUES (91, 'Ondricka, Reichel and Feil', '13', '9', 'black', 'white', 'lime', '254', 1, 1, 491);
INSERT INTO `gafas` (`id`, `marca`, `graduacion_izquierda`, `graduacion_derecha`, `color_montura`, `color_vidrio_izquierda`, `color_vidrio_derecha`, `precio`, `proveedores_id`, `vendedores_id`, `clientes_id`) VALUES (92, 'Zulauf Inc', '12', '1', 'aqua', 'lime', 'black', '498', 2, 2, 492);
INSERT INTO `gafas` (`id`, `marca`, `graduacion_izquierda`, `graduacion_derecha`, `color_montura`, `color_vidrio_izquierda`, `color_vidrio_derecha`, `precio`, `proveedores_id`, `vendedores_id`, `clientes_id`) VALUES (93, 'Considine-Satterfield', '25', '1', 'maroon', 'fuchsia', 'lime', '201', 3, 3, 493);
INSERT INTO `gafas` (`id`, `marca`, `graduacion_izquierda`, `graduacion_derecha`, `color_montura`, `color_vidrio_izquierda`, `color_vidrio_derecha`, `precio`, `proveedores_id`, `vendedores_id`, `clientes_id`) VALUES (94, 'Greenfelder, Hintz and Stroman', '6', '19', 'lime', 'green', 'lime', '380', 4, 4, 494);
INSERT INTO `gafas` (`id`, `marca`, `graduacion_izquierda`, `graduacion_derecha`, `color_montura`, `color_vidrio_izquierda`, `color_vidrio_derecha`, `precio`, `proveedores_id`, `vendedores_id`, `clientes_id`) VALUES (95, 'Schaden, Haag and Jaskolski', '3', '18', 'lime', 'silver', 'white', '410', 5, 5, 495);
INSERT INTO `gafas` (`id`, `marca`, `graduacion_izquierda`, `graduacion_derecha`, `color_montura`, `color_vidrio_izquierda`, `color_vidrio_derecha`, `precio`, `proveedores_id`, `vendedores_id`, `clientes_id`) VALUES (96, 'Sauer-Johnson', '13', '0', 'teal', 'yellow', 'green', '249', 6, 6, 496);
INSERT INTO `gafas` (`id`, `marca`, `graduacion_izquierda`, `graduacion_derecha`, `color_montura`, `color_vidrio_izquierda`, `color_vidrio_derecha`, `precio`, `proveedores_id`, `vendedores_id`, `clientes_id`) VALUES (97, 'Quitzon PLC', '15', '9', 'fuchsia', 'black', 'white', '213', 7, 7, 497);
INSERT INTO `gafas` (`id`, `marca`, `graduacion_izquierda`, `graduacion_derecha`, `color_montura`, `color_vidrio_izquierda`, `color_vidrio_derecha`, `precio`, `proveedores_id`, `vendedores_id`, `clientes_id`) VALUES (98, 'Bogan-Ziemann', '2', '3', 'maroon', 'green', 'aqua', '215', 8, 8, 498);
INSERT INTO `gafas` (`id`, `marca`, `graduacion_izquierda`, `graduacion_derecha`, `color_montura`, `color_vidrio_izquierda`, `color_vidrio_derecha`, `precio`, `proveedores_id`, `vendedores_id`, `clientes_id`) VALUES (99, 'Wiegand, Quitzon and Price', '13', '14', 'teal', 'white', 'gray', '361', 9, 9, 499);
INSERT INTO `gafas` (`id`, `marca`, `graduacion_izquierda`, `graduacion_derecha`, `color_montura`, `color_vidrio_izquierda`, `color_vidrio_derecha`, `precio`, `proveedores_id`, `vendedores_id`, `clientes_id`) VALUES (100, 'Weimann LLC', '20', '22', 'silver', 'aqua', 'teal', '125', 10, 10, 500);

INSERT INTO `proveedores` (`id`, `nombre`, `telefono`, `fax`, `nif`, `direcciones_id`) VALUES (1, 'Rath Group', '(088)494-805', '534.989.3440', '24007764', 1);
INSERT INTO `proveedores` (`id`, `nombre`, `telefono`, `fax`, `nif`, `direcciones_id`) VALUES (2, 'Schulist, Nolan and Farrell', '09423062368', '1-573-905-10', '67182015', 2);
INSERT INTO `proveedores` (`id`, `nombre`, `telefono`, `fax`, `nif`, `direcciones_id`) VALUES (3, 'Cassin-Volkman', '07258366647', '110.130.4125', '34811269', 3);
INSERT INTO `proveedores` (`id`, `nombre`, `telefono`, `fax`, `nif`, `direcciones_id`) VALUES (4, 'Friesen PLC', '1-022-697-53', '1-959-362-79', '95248974', 4);
INSERT INTO `proveedores` (`id`, `nombre`, `telefono`, `fax`, `nif`, `direcciones_id`) VALUES (5, 'Schumm, Aufderhar and Reichert', '1-775-479-68', '1-285-353-24', '96326763', 5);
INSERT INTO `proveedores` (`id`, `nombre`, `telefono`, `fax`, `nif`, `direcciones_id`) VALUES (6, 'Little-Murray', '(506)286-488', '653.982.3068', '07103681', 6);
INSERT INTO `proveedores` (`id`, `nombre`, `telefono`, `fax`, `nif`, `direcciones_id`) VALUES (7, 'Bruen, Reinger and Johns', '(438)274-123', '708.214.1624', '47989641', 7);
INSERT INTO `proveedores` (`id`, `nombre`, `telefono`, `fax`, `nif`, `direcciones_id`) VALUES (8, 'Renner, Rice and Kuhic', '1-264-481-71', '1-613-284-87', '89232767', 8);
INSERT INTO `proveedores` (`id`, `nombre`, `telefono`, `fax`, `nif`, `direcciones_id`) VALUES (9, 'Cummerata-Murray', '(842)024-088', '(756)649-626', '75006631', 9);
INSERT INTO `proveedores` (`id`, `nombre`, `telefono`, `fax`, `nif`, `direcciones_id`) VALUES (10, 'Walker, Bogan and Balistreri', '(090)073-168', '1-843-088-04', '52497063', 10);

INSERT INTO `vendedores` (`id`, `nombre`) VALUES (1, 'Kailee');
INSERT INTO `vendedores` (`id`, `nombre`) VALUES (2, 'Aubree');
INSERT INTO `vendedores` (`id`, `nombre`) VALUES (3, 'Jana');
INSERT INTO `vendedores` (`id`, `nombre`) VALUES (4, 'Kevon');
INSERT INTO `vendedores` (`id`, `nombre`) VALUES (5, 'Pat');
INSERT INTO `vendedores` (`id`, `nombre`) VALUES (6, 'Harmon');
INSERT INTO `vendedores` (`id`, `nombre`) VALUES (7, 'Salma');
INSERT INTO `vendedores` (`id`, `nombre`) VALUES (8, 'Susana');
INSERT INTO `vendedores` (`id`, `nombre`) VALUES (9, 'Stanton');
INSERT INTO `vendedores` (`id`, `nombre`) VALUES (10, 'Karli');


